{
    "50 situps": [
        "Albanian"
    ],
    "basket": [
        "Albanian",
        "Czech"
    ],
    "volleyball": [
        "Albanian",
        "Austrian",
        "Colombian",
        "Chilean",
        "Dane",
        "Dominican",
        "Egyptian",
        "Salvadoran",
        "Finn",
        "Georgian",
        "German",
        "Hungarian",
        "Kazakh",
        "Kenyan",
        "Filipino",
        "Pole",
        "Portuguese",
        "Serbian"
    ],
    "bodybuilding": [
        "Albanian",
        "Armenian",
        "Australian",
        "Austrian",
        "Bulgarian",
        "Dominican",
        "Salvadoran",
        "Finn",
        "Georgian",
        "German",
        "Jordanian",
        "Kazakh",
        "Kosovar",
        "Libyan",
        "Moldovan",
        "Filipino",
        "Portuguese",
        "Qatari",
        "Saudi",
        "Ukrainian"
    ],
    "50 pushups": [
        "Albanian"
    ],
    "weight lifting": [
        "Albanian",
        "Argentine",
        "Armenian",
        "Austrian",
        "Bulgarian",
        "Dominican",
        "Egyptian",
        "Finn",
        "French",
        "Georgian",
        "German",
        "Italian",
        "Libyan",
        "Romanian",
        "Serbian",
        "Slovakian",
        "Korean",
        "Swiss",
        "Ukrainian",
        "American"
    ],
    "on a treadmill": [
        "Albanian"
    ],
    "football": [
        "Albanian",
        "Argentine",
        "Australian",
        "Bangladeshi",
        "Belgian",
        "Bosnian",
        "Brazilian",
        "Colombian",
        "Croatian",
        "Cypriot",
        "Chilean",
        "Dominican",
        "Egyptian",
        "Salvadoran",
        "Estonian",
        "Ethiopian",
        "Finn",
        "Georgian",
        "Ghanaian",
        "Indonesian",
        "Iranian",
        "Iraqi",
        "Irish",
        "Italian",
        "Kazakh",
        "Kosovar",
        "Kuwaiti",
        "Latvian",
        "Libyan",
        "Maldivian",
        "Mexican",
        "Montenegrin",
        "Moroccan",
        "Nicaraguan",
        "Nigerian",
        "Macedonian",
        "Pakistani",
        "Palestinian",
        "Portuguese",
        "Saudi",
        "South African",
        "Spanish",
        "Swede",
        "Trinbagonian",
        "Tunisian",
        "American",
        "Uruguayan",
        "Venezuelan",
        "Yemenis"
    ],
    "shotokan karate": [
        "Albanian"
    ],
    "badminton": [
        "Albanian",
        "Australian",
        "Czech",
        "Indonesian",
        "Macanese",
        "Malaysian",
        "Montenegrin",
        "Myanmari",
        "Nigerian",
        "Filipino",
        "Portuguese",
        "Qatari",
        "Singaporean",
        "Spanish",
        "Taiwanese",
        "American"
    ],
    "weight training": [
        "Albanian",
        "Austrian",
        "Belgian",
        "Colombian",
        "German",
        "Italian",
        "Norwegian",
        "Qatari",
        "Rwandan",
        "Slovakian",
        "Turkish",
        "American"
    ],
    "runs": [
        "Albanian",
        "Belgian",
        "Bosnian",
        "Canadian",
        "Chilean",
        "Dane",
        "Salvadoran",
        "Estonian",
        "Finn",
        "German",
        "Kosovar",
        "Mexican",
        "Montenegrin",
        "Dutch",
        "New Zealander",
        "Nicaraguan",
        "Norwegian",
        "Portuguese",
        "Slovakian",
        "Trinbagonian",
        "British",
        "Uruguayan",
        "Vietnamese"
    ],
    "wrestling": [
        "Albanian",
        "Armenian",
        "Bulgarian",
        "Dominican",
        "Egyptian",
        "Estonian",
        "Finn",
        "Georgian",
        "Greek",
        "Hungarian",
        "Iranian",
        "Kazakh",
        "Kyrgyz",
        "Latvian",
        "Libyan",
        "Mexican",
        "Moldovan",
        "Mongolian",
        "Nigerian",
        "Macedonian",
        "Romanian",
        "Serbian",
        "Swiss",
        "Tajik",
        "Turkish",
        "Uzbek"
    ],
    "running": [
        "Albanian",
        "Argentine",
        "Australian",
        "Austrian",
        "Belgian",
        "Bolivian",
        "Canadian",
        "Colombian",
        "Czech",
        "Chilean",
        "Dane",
        "Ecuadorian",
        "Estonian",
        "Ethiopian",
        "Finn",
        "French",
        "German",
        "Ghanaian",
        "Guatemalan",
        "Haitian",
        "Hungarian",
        "Icelander",
        "Iranian",
        "Iraqi",
        "Irish",
        "Italian",
        "Japanese",
        "Kenyan",
        "Kosovar",
        "Latvian",
        "Lebanese",
        "Libyan",
        "Mexican",
        "Moldovan",
        "Moroccan",
        "Dutch",
        "New Zealander",
        "Nigerian",
        "Norwegian",
        "Filipino",
        "Qatari",
        "Russian",
        "Rwandan",
        "Saudi",
        "Serbian",
        "Slovakian",
        "Slovene",
        "Korean",
        "South African",
        "Spanish",
        "Swede",
        "Swiss",
        "British",
        "American",
        "Uruguayan",
        "Zimbabwean"
    ],
    "100 jumping jacks": [
        "Albanian"
    ],
    "gjuak": [
        "Albanian"
    ],
    "basketball": [
        "Albanian",
        "Argentine",
        "Armenian",
        "Australian",
        "Bosnian",
        "Brazilian",
        "Canadian",
        "Colombian",
        "Chinese",
        "Dominican",
        "Egyptian",
        "Salvadoran",
        "Estonian",
        "Ethiopian",
        "Ghanaian",
        "Haitian",
        "Iranian",
        "Jordanian",
        "Kazakh",
        "Kosovar",
        "Latvian",
        "Lithuanian",
        "Malaysian",
        "Mexican",
        "Montenegrin",
        "Nicaraguan",
        "Nigerian",
        "Macedonian",
        "Filipino",
        "Portuguese",
        "Qatari",
        "Rwandan",
        "Saudi",
        "Serbian",
        "Singaporean",
        "Spanish",
        "Turkish",
        "American",
        "Uruguayan"
    ],
    "boxing": [
        "Albanian",
        "Armenian",
        "Australian",
        "Colombian",
        "Chilean",
        "Dominican",
        "Egyptian",
        "Salvadoran",
        "Georgian",
        "German",
        "Iranian",
        "Iraqi",
        "Irish",
        "Kazakh",
        "Malaysian",
        "Moroccan",
        "Nicaraguan",
        "Nigerian",
        "Palestinian",
        "Filipino",
        "Portuguese",
        "Russian",
        "Serbian",
        "South African",
        "Spanish",
        "Tajik",
        "Turkish",
        "British",
        "Ukrainian",
        "Uzbek"
    ],
    "listening to english songs": [
        "Albanian"
    ],
    "gym": [
        "Albanian",
        "Argentine",
        "Armenian",
        "Belgian",
        "Croatian",
        "Czech",
        "Chilean",
        "Estonian",
        "Georgian",
        "Hungarian",
        "Kazakh",
        "Kosovar",
        "Kyrgyz",
        "Lithuanian",
        "Mexican",
        "Moldovan",
        "Montenegrin",
        "New Zealander",
        "Macedonian",
        "Norwegian",
        "Portuguese",
        "Swede",
        "Tunisian",
        "Ukrainian",
        "Uzbek"
    ],
    "gymnastics": [
        "Albanian",
        "Armenian",
        "Australian",
        "Belgian",
        "Bulgarian",
        "Colombian",
        "Czech",
        "Chilean",
        "Egyptian",
        "French",
        "Georgian",
        "German",
        "Greek",
        "Hungarian",
        "Indonesian",
        "Iranian",
        "Irish",
        "Kazakh",
        "Libyan",
        "Dutch",
        "Norwegian",
        "Pole",
        "Portuguese",
        "Qatari",
        "Romanian",
        "Russian",
        "Slovakian",
        "Slovene",
        "Swede",
        "Swiss",
        "Turkish",
        "British",
        "Ukrainian",
        "American"
    ],
    "fencing": [
        "Albanian",
        "French",
        "German",
        "Hungarian",
        "Irish",
        "Luxembourger",
        "Portuguese",
        "Russian"
    ],
    "skiing": [
        "Andorran",
        "Austrian",
        "Bulgarian",
        "Canadian",
        "Czech",
        "Estonian",
        "Icelander",
        "Latvian",
        "Luxembourger",
        "New Zealander",
        "Norwegian",
        "Slovakian",
        "Slovene",
        "Swede",
        "Swiss"
    ],
    "cycling mountain bike": [
        "Andorran"
    ],
    "physical training": [
        "Andorran",
        "Armenian",
        "Georgian",
        "Greek"
    ],
    "bicycle": [
        "Andorran",
        "Austrian",
        "Dutch",
        "Norwegian",
        "Ukrainian"
    ],
    "mountain biking": [
        "Andorran",
        "Austrian",
        "Slovene",
        "Swiss"
    ],
    "run": [
        "Andorran",
        "Argentine",
        "Ghanaian",
        "Hong Konger",
        "Mexican",
        "Pole"
    ],
    "patolli": [
        "Andorran"
    ],
    "cycling": [
        "Andorran",
        "Australian",
        "Belgian",
        "Colombian",
        "Czech",
        "Chilean",
        "Finn",
        "French",
        "Hungarian",
        "Icelander",
        "Indonesian",
        "Italian",
        "Jordanian",
        "Kenyan",
        "Latvian",
        "Luxembourger",
        "Macanese",
        "Malaysian",
        "Maldivian",
        "Dutch",
        "New Zealander",
        "Norwegian",
        "Pole",
        "Qatari",
        "Rwandan",
        "Singaporean",
        "Slovene",
        "South African",
        "Swede",
        "Swiss",
        "British",
        "American"
    ],
    "sports": [
        "Andorran",
        "Belgian",
        "Bolivian",
        "Cypriot",
        "Dominican",
        "Ecuadorian",
        "Finn",
        "French",
        "Hungarian",
        "Icelander",
        "Kazakh",
        "Kyrgyz",
        "Lithuanian",
        "Luxembourger",
        "Maldivian",
        "Montenegrin",
        "New Zealander",
        "Pole",
        "Qatari",
        "Slovakian",
        "South African",
        "Tunisian",
        "Ukrainian",
        "Uruguayan",
        "Uzbek",
        "Venezuelan"
    ],
    "tango": [
        "Argentine",
        "Spanish",
        "Uruguayan",
        "Venezuelan"
    ],
    "goes to the gym": [
        "Argentine",
        "Australian",
        "Belgian",
        "Canadian",
        "Dutch",
        "Norwegian",
        "British"
    ],
    "swimming": [
        "Argentine",
        "Azerbaijani",
        "Belarusian",
        "Cypriot",
        "Czech",
        "Egyptian",
        "Estonian",
        "Ethiopian",
        "Finn",
        "Ghanaian",
        "Guatemalan",
        "Hungarian",
        "Icelander",
        "Indonesian",
        "Iranian",
        "Iraqi",
        "Japanese",
        "Jordanian",
        "Kazakh",
        "Kosovar",
        "Kuwaiti",
        "Kyrgyz",
        "Latvian",
        "Libyan",
        "Lithuanian",
        "Luxembourger",
        "Maldivian",
        "Moldovan",
        "Montenegrin",
        "Myanmari",
        "New Zealander",
        "Nicaraguan",
        "Macedonian",
        "Pole",
        "Qatari",
        "Serbian",
        "Singaporean",
        "Slovakian",
        "Slovene",
        "South African",
        "Spanish",
        "Swede",
        "Tajik",
        "Turkish",
        "Ukrainian",
        "Uzbek"
    ],
    "dancing": [
        "Argentine",
        "Armenian",
        "Belarusian",
        "Bolivian",
        "Colombian",
        "Cypriot",
        "Chilean",
        "Salvadoran",
        "Estonian",
        "Ghanaian",
        "Guatemalan",
        "Haitian",
        "Hungarian",
        "Icelander",
        "Indonesian",
        "Irish",
        "Latvian",
        "Lebanese",
        "Lithuanian",
        "Mexican",
        "Nicaraguan",
        "Peruvian",
        "Pole",
        "Rwandan",
        "Serbian",
        "Spanish",
        "Trinbagonian",
        "Venezuelan"
    ],
    "golf": [
        "Argentine",
        "Australian",
        "Canadian",
        "German",
        "Hungarian",
        "Icelander",
        "Italian",
        "Japanese",
        "Luxembourger",
        "Saudi",
        "South African",
        "Swede",
        "Swiss",
        "British",
        "American"
    ],
    "soccer": [
        "Argentine",
        "Bolivian",
        "Bosnian",
        "Brazilian",
        "Colombian",
        "Chilean",
        "Dominican",
        "Ecuadorian",
        "Salvadoran",
        "Ghanaian",
        "Guatemalan",
        "Haitian",
        "Iraqi",
        "Italian",
        "Jordanian",
        "Kosovar",
        "Latvian",
        "Lebanese",
        "Libyan",
        "Maldivian",
        "Mexican",
        "New Zealander",
        "Nicaraguan",
        "Nigerian",
        "Macedonian",
        "Peruvian",
        "Portuguese",
        "Qatari",
        "Rwandan",
        "Saudi",
        "Serbian",
        "Slovakian",
        "Korean",
        "South African",
        "Spanish",
        "Swede",
        "Trinbagonian",
        "Uruguayan",
        "Venezuelan",
        "Yemenis"
    ],
    "judo": [
        "Argentine",
        "Belgian",
        "Brazilian",
        "Czech",
        "Egyptian",
        "Estonian",
        "French",
        "Georgian",
        "German",
        "Greek",
        "Hungarian",
        "Iraqi",
        "Italian",
        "Japanese",
        "Jordanian",
        "Kazakh",
        "Latvian",
        "Libyan",
        "Malaysian",
        "Montenegrin",
        "Dutch",
        "Nigerian",
        "Palestinian",
        "Portuguese",
        "Romanian",
        "Russian",
        "Serbian",
        "Slovakian",
        "Slovene",
        "Korean",
        "Spanish",
        "Swiss"
    ],
    "aerobic exercise": [
        "Argentine",
        "Chilean",
        "Dane",
        "Salvadoran",
        "Spanish",
        "American"
    ],
    "dance of the candombe": [
        "Argentine"
    ],
    "fitness training": [
        "Argentine",
        "Indonesian",
        "Pole"
    ],
    "dance": [
        "Argentine",
        "Azerbaijani",
        "Belarusian",
        "Colombian",
        "Croatian",
        "Chilean",
        "Guatemalan",
        "Haitian",
        "Lebanese",
        "Montenegrin",
        "Nigerian",
        "Peruvian",
        "Pole",
        "Korean",
        "Trinbagonian",
        "Zimbabwean"
    ],
    "martial art": [
        "Argentine",
        "Australian",
        "Belgian",
        "Canadian",
        "Colombian",
        "Chilean",
        "Chinese",
        "Salvadoran",
        "Greek",
        "Indonesian",
        "Iranian",
        "Italian",
        "Japanese",
        "Jordanian",
        "Kazakh",
        "Libyan",
        "Malaysian",
        "Mexican",
        "Russian",
        "Spanish",
        "Swiss",
        "Taiwanese",
        "Tajik",
        "Thai"
    ],
    "aerobics": [
        "Argentine",
        "Australian",
        "Belgian",
        "Brazilian",
        "Colombian",
        "Czech",
        "Chilean",
        "Dominican",
        "Egyptian",
        "Salvadoran",
        "Finn",
        "Georgian",
        "German",
        "Italian",
        "Jordanian",
        "Kazakh",
        "Mexican",
        "Dutch",
        "Norwegian",
        "Filipino",
        "Pole",
        "Russian",
        "Korean",
        "Spanish",
        "Thai",
        "Turkish",
        "American"
    ],
    "walking": [
        "Argentine",
        "Armenian",
        "Austrian",
        "Bolivian",
        "Colombian",
        "Cypriot",
        "Dominican",
        "Ecuadorian",
        "Salvadoran",
        "Ethiopian",
        "Finn",
        "German",
        "Ghanaian",
        "Guatemalan",
        "Haitian",
        "Icelander",
        "Iraqi",
        "Kosovar",
        "Mexican",
        "Montenegrin",
        "Dutch",
        "New Zealander",
        "Nicaraguan",
        "Peruvian",
        "Romanian",
        "Rwandan",
        "Serbian",
        "Slovakian",
        "South African",
        "Spanish",
        "Taiwanese",
        "Venezuelan"
    ],
    "tae kwondo": [
        "Argentine",
        "Spanish"
    ],
    "martial arts": [
        "Argentine",
        "Australian",
        "Belgian",
        "Brazilian",
        "Canadian",
        "Colombian",
        "Czech",
        "Chilean",
        "Chinese",
        "Dane",
        "Dominican",
        "Egyptian",
        "Salvadoran",
        "Finn",
        "French",
        "Georgian",
        "German",
        "Greek",
        "Indian",
        "Indonesian",
        "Iranian",
        "Iraqi",
        "Irish",
        "Italian",
        "Japanese",
        "Jordanian",
        "Kazakh",
        "Libyan",
        "Malaysian",
        "Mexican",
        "Dutch",
        "Nigerian",
        "Palestinian",
        "Filipino",
        "Portuguese",
        "Qatari",
        "Russian",
        "Saudi",
        "Serbian",
        "Singaporean",
        "Korean",
        "South African",
        "Swede",
        "Swiss",
        "Taiwanese",
        "Turkish",
        "British",
        "American"
    ],
    "athletics": [
        "Argentine",
        "Armenian",
        "Cypriot",
        "Finn",
        "Georgian",
        "Kenyan",
        "Myanmari",
        "Macedonian",
        "Pole",
        "Qatari",
        "Rwandan",
        "Slovene",
        "Swede",
        "Ukrainian"
    ],
    "walking dogs": [
        "Argentine"
    ],
    "ballet folkl\u00f3rico": [
        "Argentine"
    ],
    "aikido": [
        "Argentine",
        "Brazilian",
        "Georgian",
        "Japanese",
        "Romanian",
        "Russian"
    ],
    "pilates": [
        "Argentine",
        "Belgian",
        "Brazilian",
        "Canadian",
        "Croatian",
        "Chilean",
        "Chinese",
        "French",
        "Iranian",
        "Italian",
        "Dutch",
        "Slovakian",
        "Slovene",
        "South African",
        "Swiss",
        "Turkish",
        "British",
        "Ukrainian"
    ],
    "riding bikes": [
        "Argentine"
    ],
    "tango dancing": [
        "Argentine"
    ],
    "jogging": [
        "Argentine",
        "Armenian",
        "Australian",
        "Belgian",
        "Canadian",
        "Colombian",
        "Czech",
        "Chilean",
        "Egyptian",
        "Salvadoran",
        "Finn",
        "French",
        "Georgian",
        "German",
        "Indonesian",
        "Iranian",
        "Iraqi",
        "Irish",
        "Japanese",
        "Jordanian",
        "Kenyan",
        "Latvian",
        "Libyan",
        "Malaysian",
        "Mexican",
        "Dutch",
        "Norwegian",
        "Palestinian",
        "Pole",
        "Portuguese",
        "Qatari",
        "Saudi",
        "Serbian",
        "Singaporean",
        "Slovakian",
        "Slovene",
        "South African",
        "Spanish",
        "Swede",
        "Swiss",
        "Tajik",
        "Turkish",
        "British",
        "Ukrainian",
        "American"
    ],
    "rugby": [
        "Argentine",
        "Australian",
        "Canadian",
        "Irish",
        "New Zealander",
        "South African",
        "Uruguayan",
        "Zimbabwean"
    ],
    "capoeira": [
        "Argentine",
        "Brazilian",
        "Colombian",
        "Chilean",
        "Dominican",
        "Portuguese"
    ],
    "paddle tennis": [
        "Argentine"
    ],
    "tennis": [
        "Argentine",
        "Australian",
        "Brazilian",
        "Canadian",
        "Colombian",
        "Croatian",
        "Cypriot",
        "Czech",
        "Ecuadorian",
        "German",
        "Iranian",
        "Kosovar",
        "Libyan",
        "Luxembourger",
        "Malaysian",
        "Moldovan",
        "Montenegrin",
        "Nigerian",
        "Macedonian",
        "Romanian",
        "Singaporean",
        "Slovakian",
        "Slovene",
        "Korean",
        "South African",
        "Spanish",
        "Swede",
        "Swiss",
        "Tunisian",
        "Uruguayan"
    ],
    "lift weights": [
        "Argentine"
    ],
    "karate": [
        "Argentine",
        "Belgian",
        "Brazilian",
        "Canadian",
        "Colombian",
        "Czech",
        "Chilean",
        "Chinese",
        "Dane",
        "Dominican",
        "Egyptian",
        "Salvadoran",
        "Finn",
        "French",
        "German",
        "Guatemalan",
        "Indonesian",
        "Iranian",
        "Iraqi",
        "Italian",
        "Japanese",
        "Jordanian",
        "Kazakh",
        "Kosovar",
        "Latvian",
        "Libyan",
        "Malaysian",
        "Mexican",
        "Montenegrin",
        "Dutch",
        "Filipino",
        "Portuguese",
        "Qatari",
        "Romanian",
        "Russian",
        "Serbian",
        "Singaporean",
        "Slovakian",
        "Korean",
        "South African",
        "Spanish",
        "Swede",
        "Turkish"
    ],
    "soccer training": [
        "Argentine"
    ],
    "brisk walk": [
        "Argentine",
        "Canadian"
    ],
    "weightloss exercises": [
        "Armenian"
    ],
    "kyokushin karate": [
        "Armenian"
    ],
    "cross": [
        "Armenian"
    ],
    "rower": [
        "Armenian"
    ],
    "sprinting": [
        "Armenian",
        "Kenyan"
    ],
    "kemek": [
        "Armenian"
    ],
    "horovel": [
        "Armenian"
    ],
    "singing": [
        "Armenian"
    ],
    "mixed martial arts": [
        "Armenian",
        "Canadian",
        "Filipino",
        "Thai"
    ],
    "weightlifting": [
        "Armenian",
        "Bulgarian",
        "Chilean",
        "Dominican",
        "Egyptian",
        "Georgian",
        "German",
        "Greek",
        "Hungarian",
        "Icelander",
        "Jordanian",
        "Kazakh",
        "Palestinian",
        "Serbian",
        "Swiss",
        "Tajik"
    ],
    "folk dance": [
        "Armenian",
        "Macedonian"
    ],
    "works out": [
        "Armenian",
        "Bulgarian",
        "Kazakh",
        "Peruvian",
        "Saudi",
        "Yemenis"
    ],
    "stair climber": [
        "Armenian"
    ],
    "kochari": [
        "Armenian"
    ],
    "ballet": [
        "Armenian",
        "Brazilian",
        "French",
        "Hungarian",
        "Italian",
        "Latvian",
        "Romanian",
        "Russian",
        "Ukrainian"
    ],
    "5 miles a day": [
        "Australian"
    ],
    "ride their bike": [
        "Australian"
    ],
    "walking the dog": [
        "Australian",
        "Spanish"
    ],
    "climbing mountains": [
        "Australian",
        "Austrian"
    ],
    "biking": [
        "Australian",
        "Finn",
        "German",
        "Mexican",
        "Dutch",
        "New Zealander",
        "Norwegian",
        "Slovakian",
        "Swiss",
        "Taiwanese",
        "British"
    ],
    "bicycling": [
        "Australian",
        "Dane",
        "Finn",
        "Dutch",
        "Norwegian",
        "American"
    ],
    "ball games": [
        "Australian"
    ],
    "surfing": [
        "Australian",
        "Canadian",
        "Maldivian",
        "Portuguese"
    ],
    "workout routine": [
        "Australian",
        "Portuguese"
    ],
    "cricket": [
        "Australian",
        "Bangladeshi",
        "Indian",
        "Maldivian",
        "New Zealander",
        "Nigerian",
        "Pakistani",
        "Saudi",
        "South African",
        "Trinbagonian",
        "British",
        "Zimbabwean"
    ],
    "golfing": [
        "Australian",
        "French"
    ],
    "skate": [
        "Australian"
    ],
    "walks": [
        "Australian",
        "Bolivian",
        "Croatian",
        "Finn",
        "French",
        "Icelander",
        "Latvian",
        "Libyan",
        "Mexican",
        "Dutch",
        "Vietnamese"
    ],
    "kite surfing": [
        "Australian"
    ],
    "hiking": [
        "Australian",
        "Bulgarian",
        "Czech",
        "Chilean",
        "Georgian",
        "Hong Konger",
        "Icelander",
        "New Zealander",
        "Norwegian",
        "Palestinian",
        "Slovene",
        "South African",
        "Swiss",
        "American"
    ],
    "tai chi": [
        "Australian",
        "Canadian",
        "Czech",
        "Chilean",
        "Chinese",
        "Salvadoran",
        "Finn",
        "French",
        "German",
        "Greek",
        "Hungarian",
        "Indian",
        "Iranian",
        "Irish",
        "Japanese",
        "Kazakh",
        "Macanese",
        "Malaysian",
        "Dutch",
        "Filipino",
        "Russian",
        "Serbian",
        "Singaporean",
        "Slovene",
        "Korean",
        "South African",
        "Taiwanese",
        "Thai",
        "Turkish",
        "British",
        "American"
    ],
    "playing": [
        "Australian"
    ],
    "swims": [
        "Australian",
        "Austrian",
        "Canadian",
        "German",
        "New Zealander",
        "American"
    ],
    "fitness": [
        "Australian",
        "Estonian",
        "Kazakh",
        "Kosovar",
        "Peruvian",
        "American"
    ],
    "handball": [
        "Austrian",
        "Qatari",
        "Turkish"
    ],
    "kundalini yoga": [
        "Austrian"
    ],
    "alpine style": [
        "Austrian"
    ],
    "alpinism": [
        "Austrian"
    ],
    "walking up a mountain": [
        "Austrian"
    ],
    "ski exercises": [
        "Austrian"
    ],
    "qi gong": [
        "Austrian",
        "Chinese",
        "Macanese",
        "Malaysian",
        "Singaporean",
        "Taiwanese"
    ],
    "sports of the snow": [
        "Austrian"
    ],
    "running in the mountains": [
        "Austrian"
    ],
    "tai fee kwan": [
        "Austrian"
    ],
    "out in the gym": [
        "Austrian"
    ],
    "alpine skiing": [
        "Austrian",
        "Swiss"
    ],
    "body building": [
        "Austrian",
        "Bulgarian",
        "Dominican",
        "Salvadoran",
        "Kazakh",
        "Portuguese",
        "Qatari",
        "American"
    ],
    "outdoors": [
        "Austrian",
        "Montenegrin"
    ],
    "exercises in the gym": [
        "Austrian"
    ],
    "leg strength": [
        "Austrian"
    ],
    "home exercise": [
        "Austrian"
    ],
    "swimming pool": [
        "Austrian"
    ],
    "crosscountry skiing": [
        "Austrian",
        "Canadian",
        "Czech",
        "Icelander",
        "Norwegian",
        "Swiss",
        "Ukrainian"
    ],
    "snowboarding": [
        "Austrian",
        "Canadian",
        "Icelander",
        "Norwegian",
        "Slovene",
        "Swiss"
    ],
    "crossfitness": [
        "Austrian",
        "Czech"
    ],
    "hofjagd": [
        "Austrian"
    ],
    "kuresh": [
        "Azerbaijani"
    ],
    "azeri wrestling": [
        "Azerbaijani"
    ],
    "azeri kung fu": [
        "Azerbaijani"
    ],
    "dhaka dance": [
        "Bangladeshi"
    ],
    "morning walk": [
        "Bangladeshi"
    ],
    "belly dancing": [
        "Belarusian",
        "Cypriot"
    ],
    "jumping": [
        "Belarusian",
        "Bolivian",
        "Colombian",
        "Salvadoran",
        "Libyan",
        "Norwegian",
        "Filipino",
        "Rwandan"
    ],
    "strength": [
        "Belarusian",
        "Guatemalan"
    ],
    "kick boxing": [
        "Belgian",
        "Brazilian",
        "Thai",
        "Turkish"
    ],
    "that": [
        "Belgian"
    ],
    "kickboxing": [
        "Belgian",
        "Chilean",
        "Dominican",
        "Iranian",
        "Italian",
        "Kazakh",
        "Malaysian",
        "Russian",
        "Serbian",
        "Spanish",
        "Tajik",
        "Thai"
    ],
    "bike race": [
        "Belgian"
    ],
    "running through a forest": [
        "Belgian"
    ],
    "cardio": [
        "Belgian",
        "Dane",
        "Egyptian",
        "Hungarian",
        "Italian",
        "Kenyan",
        "Mexican",
        "Pole",
        "Russian",
        "Slovakian",
        "Korean",
        "South African",
        "American"
    ],
    "kendo": [
        "Belgian",
        "Japanese",
        "Kazakh",
        "Korean"
    ],
    "jiujitsu": [
        "Belgian",
        "Brazilian",
        "Irish",
        "Japanese",
        "Portuguese"
    ],
    "extreme sports": [
        "Belgian",
        "Swiss"
    ],
    "baseball": [
        "Belgian",
        "Colombian",
        "Dominican",
        "Salvadoran",
        "Guatemalan",
        "Latvian",
        "Mexican",
        "Nicaraguan",
        "Puertorrique\u00f1o",
        "Korean",
        "Spanish",
        "American",
        "Venezuelan"
    ],
    "bikram yoga": [
        "Belgian",
        "Nigerian"
    ],
    "cross countryskiing": [
        "Belgian"
    ],
    "yoga": [
        "Belgian",
        "Brazilian",
        "Canadian",
        "Colombian",
        "Croatian",
        "Chilean",
        "Dominican",
        "Ecuadorian",
        "Ethiopian",
        "French",
        "Ghanaian",
        "Guatemalan",
        "Haitian",
        "Hungarian",
        "Indian",
        "Indonesian",
        "Iranian",
        "Iraqi",
        "Irish",
        "Italian",
        "Japanese",
        "Jordanian",
        "Latvian",
        "Lebanese",
        "Libyan",
        "Lithuanian",
        "Malaysian",
        "Maldivian",
        "Mexican",
        "Moldovan",
        "Moroccan",
        "Nicaraguan",
        "Nigerian",
        "Qatari",
        "Romanian",
        "Russian",
        "Rwandan",
        "Serbian",
        "Singaporean",
        "Slovakian",
        "Slovene",
        "Korean",
        "South African",
        "Spanish",
        "Swiss",
        "Taiwanese",
        "Uruguayan",
        "Zimbabwean"
    ],
    "hockey": [
        "Belgian",
        "Canadian",
        "Czech",
        "Kazakh",
        "Latvian",
        "Slovakian",
        "South African",
        "Swiss",
        "British"
    ],
    "the flemish bicycle": [
        "Belgian"
    ],
    "endurance sports": [
        "Belgian",
        "French",
        "Norwegian"
    ],
    "taekwondo": [
        "Belgian",
        "Brazilian",
        "Canadian",
        "Colombian",
        "Czech",
        "Chilean",
        "Chinese",
        "Egyptian",
        "Salvadoran",
        "Finn",
        "Georgian",
        "German",
        "Indonesian",
        "Iranian",
        "Iraqi",
        "Irish",
        "Japanese",
        "Jordanian",
        "Kazakh",
        "Libyan",
        "Malaysian",
        "Mexican",
        "Dutch",
        "Nigerian",
        "Palestinian",
        "Filipino",
        "Qatari",
        "Russian",
        "Saudi",
        "Serbian",
        "Singaporean",
        "Korean",
        "Spanish",
        "Taiwanese",
        "Tajik",
        "Turkish"
    ],
    "fivemile run": [
        "Belgian"
    ],
    "in the gym": [
        "Belgian"
    ],
    "jogs": [
        "Belgian",
        "French",
        "Hungarian",
        "Indian",
        "Kenyan",
        "Libyan",
        "Malaysian",
        "Dutch",
        "Russian",
        "Swiss",
        "American",
        "Yemenis"
    ],
    "sports with friends": [
        "Belgian"
    ],
    "endurance exercise": [
        "Belgian"
    ],
    "treadmill": [
        "Belgian"
    ],
    "bjj": [
        "Belgian"
    ],
    "work": [
        "Bolivian",
        "Slovene"
    ],
    "cholita": [
        "Bolivian"
    ],
    "bolero": [
        "Bolivian"
    ],
    "meditation": [
        "Bolivian",
        "Chinese",
        "Dominican",
        "Ecuadorian",
        "Guatemalan",
        "Hong Konger",
        "Indian",
        "Indonesian",
        "Iranian",
        "Irish",
        "Italian",
        "Japanese",
        "Latvian",
        "Lebanese",
        "Malaysian",
        "Maldivian",
        "Mongolian",
        "Myanmari",
        "New Zealander",
        "Russian",
        "Rwandan",
        "Singaporean",
        "Korean",
        "South African",
        "Swiss",
        "Taiwanese",
        "Vietnamese",
        "Zimbabwean"
    ],
    "zumba": [
        "Bolivian",
        "Colombian",
        "Chilean",
        "Dominican",
        "Ecuadorian",
        "French",
        "Iranian",
        "Nicaraguan",
        "Nigerian",
        "Spanish",
        "British"
    ],
    "salsa dancing": [
        "Bolivian",
        "Colombian",
        "Dominican"
    ],
    "headstand": [
        "Brazilian"
    ],
    "at the gym": [
        "Brazilian",
        "Thai"
    ],
    "combat sport": [
        "Brazilian"
    ],
    "capoeira martial arts": [
        "Brazilian"
    ],
    "samba": [
        "Brazilian"
    ],
    "futsal": [
        "Brazilian",
        "Portuguese",
        "Uruguayan"
    ],
    "jog": [
        "Brazilian",
        "Ghanaian",
        "Kosovar",
        "Mexican"
    ],
    "soccer drills": [
        "Brazilian",
        "Salvadoran"
    ],
    "stretches": [
        "Brazilian",
        "Croatian",
        "Latvian",
        "Libyan",
        "Dutch"
    ],
    "soccer juggling drills": [
        "Brazilian"
    ],
    "jiu jitsu": [
        "Brazilian",
        "Hungarian",
        "Palestinian",
        "Russian"
    ],
    "kung fu": [
        "Brazilian",
        "Canadian",
        "Czech",
        "Chinese",
        "Egyptian",
        "Georgian",
        "German",
        "Iranian",
        "Iraqi",
        "Kazakh",
        "Macanese",
        "Filipino",
        "Russian",
        "Rwandan",
        "Saudi",
        "Serbian",
        "Singaporean",
        "Taiwanese",
        "British"
    ],
    "aerobic exercises": [
        "Bulgarian",
        "Colombian",
        "Dane",
        "Indonesian",
        "Italian",
        "Ukrainian"
    ],
    "cardiovascular training": [
        "Bulgarian"
    ],
    "eastern europeanstyle dancing": [
        "Bulgarian"
    ],
    "aerobic regimen": [
        "Bulgarian"
    ],
    "sprints": [
        "Bulgarian",
        "Swiss"
    ],
    "calisthenics": [
        "Bulgarian",
        "Salvadoran",
        "French",
        "Georgian",
        "Greek",
        "Iraqi",
        "Italian",
        "Mexican",
        "Filipino",
        "Russian",
        "Swede",
        "Swiss",
        "Ukrainian"
    ],
    "balkan style wrestling": [
        "Bulgarian"
    ],
    "olympic weightlifting": [
        "Bulgarian"
    ],
    "russian kung fu": [
        "Bulgarian"
    ],
    "gatka": [
        "Bulgarian"
    ],
    "body exercises": [
        "Bulgarian"
    ],
    "gymnastic": [
        "Bulgarian",
        "Czech",
        "Estonian",
        "French",
        "German",
        "Hungarian",
        "Latvian"
    ],
    "pushups": [
        "Canadian",
        "Colombian",
        "Georgian",
        "German",
        "Italian"
    ],
    "lifting free weights": [
        "Canadian"
    ],
    "strength and resistance training": [
        "Canadian"
    ],
    "crunches": [
        "Canadian",
        "German"
    ],
    "taichi": [
        "Canadian",
        "Chinese",
        "Dominican",
        "Hong Konger",
        "Indonesian",
        "Japanese",
        "Libyan",
        "Macanese",
        "Malaysian",
        "Russian",
        "Singaporean",
        "Spanish",
        "Swiss",
        "Taiwanese",
        "Tajik",
        "Thai",
        "Vietnamese"
    ],
    "lifts some weights": [
        "Canadian"
    ],
    "in the neighborhood": [
        "Canadian"
    ],
    "swings the golf club": [
        "Canadian"
    ],
    "skateboarding": [
        "Canadian",
        "Malaysian",
        "Ukrainian"
    ],
    "rides the exercise bike": [
        "Canadian"
    ],
    "crosscountry running": [
        "Canadian"
    ],
    "crosscountry": [
        "Canadian",
        "Norwegian"
    ],
    "cardio exercises": [
        "Canadian",
        "Chilean",
        "Dane"
    ],
    "tae kwon do": [
        "Canadian",
        "Chinese",
        "Salvadoran",
        "Finn",
        "German",
        "Iraqi",
        "Jordanian",
        "Malaysian",
        "Palestinian",
        "Filipino",
        "Singaporean",
        "Korean",
        "Turkish"
    ],
    "ice hockey": [
        "Canadian",
        "Swede"
    ],
    "deep breathing techniques": [
        "Canadian"
    ],
    "ice exercise": [
        "Canadian"
    ],
    "ice skating": [
        "Canadian",
        "Icelander",
        "Norwegian"
    ],
    "morning runs": [
        "Canadian"
    ],
    "rides a bicycle": [
        "Canadian"
    ],
    "snowshoeing": [
        "Canadian"
    ],
    "salsa": [
        "Colombian",
        "Chilean",
        "Dominican",
        "Salvadoran",
        "Peruvian",
        "Uruguayan",
        "Venezuelan"
    ],
    "jogs outside": [
        "Colombian"
    ],
    "ab workout": [
        "Colombian"
    ],
    "salsa dance": [
        "Colombian",
        "Dominican"
    ],
    "muscle building": [
        "Colombian"
    ],
    "latin american dance": [
        "Colombian",
        "Chilean"
    ],
    "latin rumba": [
        "Colombian"
    ],
    "toro de cumbe": [
        "Colombian"
    ],
    "hip hop": [
        "Colombian"
    ],
    "walks his dog": [
        "Colombian"
    ],
    "aerobic": [
        "Colombian",
        "Dane",
        "Hungarian",
        "Indonesian"
    ],
    "cumbia": [
        "Colombian",
        "Peruvian"
    ],
    "bicing": [
        "Colombian"
    ],
    "aerobic classes": [
        "Colombian"
    ],
    "latin dance": [
        "Colombian",
        "Chilean",
        "Dominican",
        "Ecuadorian"
    ],
    "routines in the pool": [
        "Colombian"
    ],
    "latin": [
        "Colombian"
    ],
    "muay thai": [
        "Colombian",
        "Malaysian",
        "Nigerian",
        "Singaporean",
        "Swede",
        "Thai"
    ],
    "situps": [
        "Colombian",
        "Italian"
    ],
    "squats": [
        "Colombian",
        "Czech",
        "Chilean",
        "German",
        "Swiss",
        "British"
    ],
    "latin dances": [
        "Colombian"
    ],
    "handstands": [
        "Croatian"
    ],
    "skills": [
        "Croatian"
    ],
    "style": [
        "Croatian"
    ],
    "backbends": [
        "Croatian"
    ],
    "greek dancing": [
        "Cypriot"
    ],
    "diving": [
        "Cypriot"
    ],
    "greek folkdancing": [
        "Cypriot"
    ],
    "greek wrestling": [
        "Cypriot"
    ],
    "routine": [
        "Cypriot",
        "Salvadoran",
        "Ethiopian",
        "Nigerian",
        "Serbian",
        "Venezuelan"
    ],
    "greek": [
        "Cypriot"
    ],
    "rowing": [
        "Czech",
        "Hungarian",
        "Icelander",
        "New Zealander"
    ],
    "riding a bike": [
        "Czech",
        "Swede"
    ],
    "cyclic": [
        "Czech"
    ],
    "kyokushinkaikan karate": [
        "Czech"
    ],
    "pole vaulter": [
        "Czech"
    ],
    "dances": [
        "Czech",
        "Salvadoran"
    ],
    "crossfit": [
        "Czech",
        "Italian",
        "Jordanian",
        "Libyan",
        "Dutch",
        "Norwegian",
        "Romanian",
        "Spanish",
        "Swede",
        "Swiss",
        "British"
    ],
    "noncyclic": [
        "Czech"
    ],
    "kayaking": [
        "Chilean",
        "Icelander"
    ],
    "tebicu": [
        "Chilean"
    ],
    "the cueca": [
        "Chilean"
    ],
    "runner": [
        "Chilean"
    ],
    "barrabusa": [
        "Chilean"
    ],
    "cueca": [
        "Chilean"
    ],
    "tonada": [
        "Chilean"
    ],
    "tiroletes": [
        "Chilean"
    ],
    "stretching": [
        "Chilean",
        "Egyptian",
        "Finn",
        "German",
        "Hungarian",
        "Iraqi",
        "Kazakh",
        "Kenyan",
        "Malaysian",
        "Mexican",
        "Filipino",
        "Slovakian",
        "Korean",
        "South African",
        "Spanish",
        "Swiss",
        "Taiwanese"
    ],
    "football training": [
        "Chilean"
    ],
    "abdominals": [
        "Chilean"
    ],
    "skateboard": [
        "Chilean"
    ],
    "walking the puppy": [
        "Chilean"
    ],
    "kungfu": [
        "Chinese",
        "German",
        "Hong Konger",
        "Macanese",
        "Malaysian",
        "Russian",
        "Korean",
        "South African",
        "Swiss",
        "Taiwanese",
        "Turkish"
    ],
    "tai chi chuan": [
        "Chinese",
        "Hungarian",
        "Singaporean",
        "Taiwanese"
    ],
    "taoist breathing techniques": [
        "Chinese"
    ],
    "qiqong": [
        "Chinese"
    ],
    "lifting weights": [
        "Chinese",
        "Finn",
        "Georgian",
        "Irish"
    ],
    "taijiquan or tai chi": [
        "Chinese"
    ],
    "cardiovascular exercise": [
        "Chinese",
        "Kenyan",
        "Mexican"
    ],
    "using a stationary bicycle": [
        "Chinese"
    ],
    "qigong": [
        "Chinese",
        "Macanese",
        "Malaysian",
        "Singaporean",
        "Taiwanese",
        "American"
    ],
    "rope skip": [
        "Chinese"
    ],
    "taiji": [
        "Chinese",
        "Iranian",
        "Latvian",
        "Macanese",
        "Malaysian",
        "Singaporean",
        "Taiwanese"
    ],
    "long walks": [
        "Dane",
        "Slovene",
        "Korean"
    ],
    "ski": [
        "Dane",
        "Luxembourger",
        "Norwegian",
        "Slovene",
        "Swede",
        "Swiss"
    ],
    "bicycle pedaling": [
        "Dane"
    ],
    "go to the gym": [
        "Dane",
        "Salvadoran",
        "American"
    ],
    "track meets": [
        "Dane"
    ],
    "strength exercises": [
        "Dane"
    ],
    "lifts weights": [
        "Dane"
    ],
    "strength and power training": [
        "Dane"
    ],
    "kung": [
        "Dane"
    ],
    "anaerobic exercise": [
        "Dane",
        "Hungarian"
    ],
    "a dog": [
        "Dane"
    ],
    "ride a bike": [
        "Dane",
        "Swede"
    ],
    "bachata": [
        "Dominican",
        "Puertorrique\u00f1o"
    ],
    "working in the fields": [
        "Dominican"
    ],
    "merengue": [
        "Dominican",
        "Puertorrique\u00f1o"
    ],
    "caribbean style of dance": [
        "Dominican"
    ],
    "the gym": [
        "Dominican",
        "Russian"
    ],
    "dance routines": [
        "Dominican"
    ],
    "eskrima": [
        "Dominican",
        "Filipino"
    ],
    "cultural dances": [
        "Dominican"
    ],
    "latin dancing": [
        "Dominican"
    ],
    "danza y m\u00fasica ecuatoriana": [
        "Ecuadorian"
    ],
    "team sports": [
        "Egyptian",
        "Salvadoran"
    ],
    "muslim prayer": [
        "Egyptian",
        "Saudi"
    ],
    "breathing exercise": [
        "Egyptian",
        "Singaporean"
    ],
    "sanda": [
        "Egyptian",
        "Tajik"
    ],
    "morning gymnastic exercises": [
        "Egyptian"
    ],
    "strength training": [
        "Egyptian",
        "Finn",
        "Greek",
        "Rwandan",
        "Serbian"
    ],
    "on the court": [
        "Egyptian"
    ],
    "taebo": [
        "Egyptian",
        "Jordanian",
        "Mexican",
        "Filipino"
    ],
    "various bodybuilding techniques": [
        "Egyptian"
    ],
    "gym activities": [
        "Egyptian"
    ],
    "powerlifting": [
        "Egyptian",
        "Georgian"
    ],
    "ball in the court": [
        "Egyptian"
    ],
    "yoga postures": [
        "Egyptian"
    ],
    "on the beach": [
        "Salvadoran"
    ],
    "modern ones": [
        "Salvadoran"
    ],
    "sport oriented exercises": [
        "Salvadoran"
    ],
    "walk": [
        "Salvadoran",
        "Macedonian"
    ],
    "exercises": [
        "Salvadoran",
        "Jordanian",
        "Maldivian",
        "Myanmari",
        "Pakistani",
        "Tajik"
    ],
    "using a treadmill": [
        "Salvadoran"
    ],
    "jumping rope": [
        "Salvadoran",
        "Irish",
        "Kosovar"
    ],
    "the maya": [
        "Salvadoran"
    ],
    "volley balls": [
        "Salvadoran"
    ],
    "skating": [
        "Salvadoran",
        "Finn",
        "Hungarian",
        "Latvian",
        "Maldivian",
        "Norwegian",
        "Slovakian",
        "Swiss"
    ],
    "fighting with a machete": [
        "Salvadoran"
    ],
    "aerobilites": [
        "Salvadoran"
    ],
    "power lifting": [
        "Salvadoran"
    ],
    "her dog": [
        "Salvadoran"
    ],
    "strength conditioning": [
        "Salvadoran"
    ],
    "dancing salsa": [
        "Salvadoran",
        "Italian"
    ],
    "stretch": [
        "Salvadoran"
    ],
    "lauku maaja": [
        "Estonian"
    ],
    "cross country skiing": [
        "Estonian",
        "Norwegian"
    ],
    "mediation": [
        "Estonian"
    ],
    "iceskating": [
        "Estonian"
    ],
    "resistance": [
        "Ethiopian",
        "Palestinian",
        "Saudi"
    ],
    "ethiopean": [
        "Ethiopian"
    ],
    "wonda": [
        "Ethiopian"
    ],
    "10000 steps everyday": [
        "Finn"
    ],
    "physical exercise": [
        "Finn",
        "Saudi"
    ],
    "golf swing": [
        "Finn",
        "Irish",
        "Italian",
        "Dutch",
        "British"
    ],
    "cross training": [
        "Finn"
    ],
    "sport": [
        "Finn",
        "Maldivian",
        "Moldovan",
        "Montenegrin",
        "Spanish",
        "Uruguayan",
        "Uzbek"
    ],
    "aerobic workout": [
        "Finn"
    ],
    "smoking cigarettes": [
        "French"
    ],
    "has a personal trainer": [
        "French"
    ],
    "aerobic sport": [
        "French"
    ],
    "frog": [
        "French"
    ],
    "flamingo yoga": [
        "French"
    ],
    "on the ellipt": [
        "French"
    ],
    "body weight exercises": [
        "French",
        "Swiss"
    ],
    "zen yoga": [
        "French"
    ],
    "walking a dog": [
        "French"
    ],
    "drinking wine": [
        "French"
    ],
    "jogs around": [
        "French"
    ],
    "jujutsu": [
        "French",
        "Japanese",
        "Nigerian"
    ],
    "power walking": [
        "Georgian",
        "Qatari"
    ],
    "running up hills": [
        "Georgian"
    ],
    "lifting weight": [
        "Georgian"
    ],
    "kettlebell exercises": [
        "Georgian"
    ],
    "from other countries": [
        "Georgian"
    ],
    "khukuri": [
        "Georgian"
    ],
    "kukri martial art": [
        "Georgian"
    ],
    "kalmuk horse riding": [
        "Georgian"
    ],
    "weights": [
        "Georgian",
        "Moldovan",
        "Peruvian",
        "Uruguayan"
    ],
    "gymnastic exercises": [
        "German",
        "Russian"
    ],
    "bowling": [
        "German"
    ],
    "volkssport": [
        "German"
    ],
    "skates": [
        "German",
        "Swiss"
    ],
    "strict exercise": [
        "German"
    ],
    "kenjutsu": [
        "German"
    ],
    "tae bo": [
        "German",
        "Japanese",
        "Korean"
    ],
    "kettle exercises": [
        "German"
    ],
    "5 rhythms": [
        "German"
    ],
    "burpees": [
        "German"
    ],
    "bike": [
        "German"
    ],
    "lifting": [
        "German"
    ],
    "taunus yoga": [
        "German"
    ],
    "walks around in circle": [
        "German"
    ],
    "skis": [
        "German"
    ],
    "jumping jacks": [
        "German"
    ],
    "other types of exercise": [
        "German"
    ],
    "skipping": [
        "Ghanaian"
    ],
    "tribal dance": [
        "Ghanaian"
    ],
    "body workout": [
        "Ghanaian"
    ],
    "african dance": [
        "Ghanaian",
        "Zambian"
    ],
    "african exercise routine": [
        "Ghanaian"
    ],
    "walking around the park": [
        "Greek"
    ],
    "long distance running": [
        "Greek",
        "Kenyan",
        "Dutch",
        "Norwegian"
    ],
    "olympic weight lifting": [
        "Greek"
    ],
    "throwing stones": [
        "Greek"
    ],
    "things on the ground": [
        "Greek"
    ],
    "gymnastic exercise": [
        "Greek"
    ],
    "koukoulia": [
        "Greek"
    ],
    "flexibility": [
        "Guatemalan",
        "Nicaraguan"
    ],
    "western": [
        "Guatemalan"
    ],
    "mayan dance": [
        "Guatemalan"
    ],
    "ritual dancing": [
        "Guatemalan"
    ],
    "mayan dances": [
        "Guatemalan"
    ],
    "hard labor": [
        "Guatemalan"
    ],
    "haitian dance": [
        "Haitian"
    ],
    "compa": [
        "Haitian"
    ],
    "sitting": [
        "Haitian"
    ],
    "yiquan": [
        "Hong Konger"
    ],
    "wing chun": [
        "Hong Konger",
        "Hungarian",
        "Singaporean"
    ],
    "chi kung": [
        "Hong Konger"
    ],
    "taichai": [
        "Hong Konger"
    ],
    "chinese exercises": [
        "Hong Konger"
    ],
    "chinese dance": [
        "Hong Konger"
    ],
    "wushu": [
        "Hong Konger",
        "Libyan",
        "Macanese",
        "Saudi",
        "Singaporean",
        "Taiwanese",
        "Tajik",
        "Uzbek"
    ],
    "track and field": [
        "Hungarian",
        "Kenyan",
        "Nigerian",
        "Norwegian",
        "Qatari",
        "Rwandan",
        "South African"
    ],
    "sz\u00f6rf": [
        "Hungarian"
    ],
    "walks around": [
        "Hungarian"
    ],
    "sumowrestling": [
        "Hungarian"
    ],
    "crunch": [
        "Hungarian"
    ],
    "t\u00f3bi\u00e1s": [
        "Hungarian"
    ],
    "boating": [
        "Icelander"
    ],
    "triathlon": [
        "Icelander"
    ],
    "gl\u00edma": [
        "Icelander"
    ],
    "yogasana": [
        "Indian"
    ],
    "bharatanatyam": [
        "Indian"
    ],
    "working out at home": [
        "Indian"
    ],
    "hatha yoga": [
        "Indian"
    ],
    "pranayama": [
        "Indian"
    ],
    "yogic exercise": [
        "Indian"
    ],
    "bhangra": [
        "Indian"
    ],
    "meditative exercise": [
        "Indian"
    ],
    "kabaddi": [
        "Indian"
    ],
    "pencak silat": [
        "Indonesian",
        "Malaysian"
    ],
    "cimande": [
        "Indonesian"
    ],
    "exercising at home": [
        "Indonesian"
    ],
    "art": [
        "Indonesian"
    ],
    "at the park": [
        "Indonesian"
    ],
    "bersuara": [
        "Indonesian"
    ],
    "sansho": [
        "Indonesian"
    ],
    "5rhythms": [
        "Indonesian"
    ],
    "batu serong": [
        "Indonesian"
    ],
    "silat": [
        "Indonesian",
        "Malaysian"
    ],
    "zoorkhaneh": [
        "Iranian"
    ],
    "in the park": [
        "Iranian"
    ],
    "zourkhaneh": [
        "Iranian"
    ],
    "dastzad": [
        "Iranian"
    ],
    "taiko": [
        "Iranian"
    ],
    "zazen method of meditation": [
        "Iranian"
    ],
    "bending his back": [
        "Iraqi"
    ],
    "taijiquan": [
        "Iraqi",
        "Macanese",
        "Malaysian",
        "Taiwanese"
    ],
    "stretching his muscles": [
        "Iraqi",
        "Filipino"
    ],
    "hurling": [
        "Irish"
    ],
    "racing": [
        "Irish"
    ],
    "jumpershins": [
        "Irish"
    ],
    "sean nos": [
        "Irish"
    ],
    "step dancing": [
        "Irish"
    ],
    "throwing darts": [
        "Irish"
    ],
    "in the open air": [
        "Irish"
    ],
    "dumbbell curls": [
        "Italian"
    ],
    "calabrian soccer": [
        "Italian"
    ],
    "on his treadmill": [
        "Italian"
    ],
    "walking up and down": [
        "Italian"
    ],
    "working out": [
        "Italian"
    ],
    "30 minutes": [
        "Italian"
    ],
    "body pump": [
        "Italian"
    ],
    "10 minutes": [
        "Italian"
    ],
    "one": [
        "Italian"
    ],
    "the art of the": [
        "Italian"
    ],
    "passeggiata": [
        "Italian"
    ],
    "shiatsu": [
        "Japanese"
    ],
    "sumo wrestling": [
        "Japanese"
    ],
    "sumo": [
        "Japanese"
    ],
    "taekwando": [
        "Japanese",
        "Jordanian",
        "Filipino",
        "Korean",
        "Thai"
    ],
    "going to the gym": [
        "Jordanian",
        "Dutch",
        "Norwegian",
        "American"
    ],
    "jogging or running": [
        "Jordanian"
    ],
    "gym exercises": [
        "Jordanian"
    ],
    "push ups": [
        "Jordanian",
        "Filipino"
    ],
    "sit ups": [
        "Jordanian",
        "Filipino"
    ],
    "horse riding": [
        "Jordanian",
        "Mongolian",
        "British"
    ],
    "bench press": [
        "Kazakh",
        "Slovakian"
    ],
    "buryatkushi": [
        "Kazakh"
    ],
    "sports training": [
        "Kazakh"
    ],
    "bodybuilding with free weights": [
        "Kazakh"
    ],
    "tynymak": [
        "Kazakh"
    ],
    "shooting with a bow": [
        "Kazakh"
    ],
    "kaber wrestling": [
        "Kazakh"
    ],
    "kurash": [
        "Kazakh",
        "Kyrgyz",
        "Uzbek"
    ],
    "dead lift": [
        "Kazakh"
    ],
    "buzkashi": [
        "Kazakh",
        "Tajik"
    ],
    "squat": [
        "Kazakh"
    ],
    "riding horses": [
        "Kazakh"
    ],
    "combat sports": [
        "Kazakh",
        "Serbian"
    ],
    "cardiovascular": [
        "Kazakh"
    ],
    "running a circle": [
        "Kazakh"
    ],
    "marathon running": [
        "Kenyan"
    ],
    "athletic exercises": [
        "Kenyan"
    ],
    "track": [
        "Kenyan"
    ],
    "sprint training": [
        "Kenyan"
    ],
    "athleticism": [
        "Kenyan"
    ],
    "track running": [
        "Kenyan"
    ],
    "running routines": [
        "Kenyan"
    ],
    "10kms run": [
        "Kenyan"
    ],
    "marathon run": [
        "Kenyan"
    ],
    "race": [
        "Kenyan"
    ],
    "distance running": [
        "Kenyan"
    ],
    "longdistance running": [
        "Kenyan"
    ],
    "marathon": [
        "Kenyan",
        "Swede",
        "British"
    ],
    "longdistance run": [
        "Kenyan"
    ],
    "albanian": [
        "Kosovar"
    ],
    "albanian dancing": [
        "Kosovar"
    ],
    "pushup": [
        "Kosovar",
        "Russian"
    ],
    "resistance training": [
        "Kosovar",
        "Mexican",
        "Rwandan",
        "Swiss"
    ],
    "fighting": [
        "Kosovar"
    ],
    "balkan dances": [
        "Kosovar"
    ],
    "kodholi": [
        "Kosovar"
    ],
    "alshahada": [
        "Kuwaiti"
    ],
    "islamic": [
        "Kuwaiti",
        "Palestinian"
    ],
    "kyrgyz wrestling": [
        "Kyrgyz"
    ],
    "kokborku": [
        "Kyrgyz"
    ],
    "kok boru": [
        "Kyrgyz"
    ],
    "kokboru": [
        "Kyrgyz",
        "Uzbek"
    ],
    "national dances": [
        "Kyrgyz"
    ],
    "kyz": [
        "Kyrgyz"
    ],
    "shooting": [
        "Latvian"
    ],
    "prayer": [
        "Lebanese",
        "Mongolian"
    ],
    "fasting": [
        "Lebanese"
    ],
    "shaolin kungfu": [
        "Libyan"
    ],
    "rolling": [
        "Libyan"
    ],
    "khorma": [
        "Libyan"
    ],
    "working in the field": [
        "Libyan"
    ],
    "heavy lifting": [
        "Libyan"
    ],
    "eastern european dance": [
        "Lithuanian"
    ],
    "other": [
        "Lithuanian",
        "Myanmari",
        "Tajik"
    ],
    "luxemburger wrestling": [
        "Luxembourger"
    ],
    "chinese routines": [
        "Macanese"
    ],
    "taiji quan": [
        "Macanese"
    ],
    "chinese kungfu": [
        "Macanese",
        "Malaysian"
    ],
    "chinese wushu": [
        "Macanese"
    ],
    "portuguese": [
        "Macanese"
    ],
    "his dog": [
        "Macanese"
    ],
    "tai chi kung fu": [
        "Malaysian"
    ],
    "chinese tang soo do": [
        "Malaysian"
    ],
    "chinese kung fu": [
        "Malaysian"
    ],
    "sepak takraw": [
        "Malaysian"
    ],
    "tae kwon doe": [
        "Malaysian"
    ],
    "hukuru mee": [
        "Maldivian"
    ],
    "gym for fitness": [
        "Maldivian"
    ],
    "tae kwan do": [
        "Mexican",
        "Korean"
    ],
    "ballet folklorico": [
        "Mexican"
    ],
    "cardiobased training": [
        "Mexican"
    ],
    "her bicycle": [
        "Mexican"
    ],
    "strengthtraining": [
        "Moldovan"
    ],
    "chanting": [
        "Mongolian"
    ],
    "horse racing": [
        "Mongolian",
        "Qatari"
    ],
    "wrestles": [
        "Mongolian"
    ],
    "music": [
        "Mongolian"
    ],
    "archery": [
        "Mongolian"
    ],
    "fighting skills": [
        "Mongolian"
    ],
    "morin khuur": [
        "Mongolian"
    ],
    "soccerfootball": [
        "Montenegrin",
        "Palestinian"
    ],
    "table tennis": [
        "Montenegrin",
        "Singaporean"
    ],
    "water": [
        "Montenegrin"
    ],
    "mountain climbing": [
        "Montenegrin",
        "Swiss"
    ],
    "arabic": [
        "Moroccan"
    ],
    "morning exercises": [
        "Myanmari"
    ],
    "thai boxing": [
        "Myanmari"
    ],
    "5d": [
        "Myanmari"
    ],
    "light": [
        "Myanmari"
    ],
    "meditates": [
        "Dutch",
        "Portuguese"
    ],
    "of 510 miles": [
        "Dutch"
    ],
    "outdoor sports": [
        "Dutch",
        "Swede"
    ],
    "up to 10": [
        "Dutch"
    ],
    "10 miles to work": [
        "Dutch"
    ],
    "goes to a gym": [
        "Dutch"
    ],
    "netball": [
        "New Zealander"
    ],
    "6d": [
        "New Zealander"
    ],
    "exercise routine": [
        "New Zealander",
        "Saudi"
    ],
    "trekking": [
        "New Zealander"
    ],
    "morning run": [
        "New Zealander"
    ],
    "indigenous dance": [
        "Nicaraguan"
    ],
    "afrobeat": [
        "Nigerian"
    ],
    "tarzan": [
        "Nigerian"
    ],
    "adowa": [
        "Nigerian"
    ],
    "greek sports": [
        "Macedonian"
    ],
    "yugoslavian": [
        "Macedonian"
    ],
    "lifting heavy weights": [
        "Norwegian"
    ],
    "riding on a bike": [
        "Norwegian"
    ],
    "high impact strength training": [
        "Norwegian"
    ],
    "pushing large objects": [
        "Norwegian"
    ],
    "moving small objects": [
        "Norwegian"
    ],
    "jogging in the mountains": [
        "Norwegian"
    ],
    "ski jumping": [
        "Norwegian"
    ],
    "crosscountry skating": [
        "Norwegian"
    ],
    "bike ride": [
        "Norwegian"
    ],
    "pulling a sled": [
        "Norwegian"
    ],
    "hikingsports": [
        "Norwegian"
    ],
    "winter sports": [
        "Norwegian",
        "Pole"
    ],
    "curling": [
        "Norwegian"
    ],
    "for 510 min": [
        "Palestinian"
    ],
    "walking to mosque": [
        "Palestinian"
    ],
    "other form of selfdefense": [
        "Palestinian"
    ],
    "tabullah": [
        "Palestinian"
    ],
    "at a fast pace": [
        "Palestinian"
    ],
    "taek won do": [
        "Palestinian"
    ],
    "continue": [
        "Palestinian"
    ],
    "doing some exercises": [
        "Palestinian"
    ],
    "dancing with sticks": [
        "Peruvian"
    ],
    "andean": [
        "Peruvian"
    ],
    "chuncha": [
        "Peruvian"
    ],
    "chiva": [
        "Peruvian"
    ],
    "local exercise routines": [
        "Filipino"
    ],
    "physical therapy": [
        "Filipino"
    ],
    "brazilian jiu jitsu": [
        "Filipino"
    ],
    "leg exercises": [
        "Filipino"
    ],
    "diket": [
        "Filipino"
    ],
    "jeet kune do": [
        "Filipino"
    ],
    "running up and down": [
        "Filipino"
    ],
    "kalis": [
        "Filipino"
    ],
    "jujitsu": [
        "Filipino"
    ],
    "skipping rope": [
        "Filipino",
        "Qatari"
    ],
    "maglalatik": [
        "Filipino"
    ],
    "kali": [
        "Filipino"
    ],
    "tinikling": [
        "Filipino"
    ],
    "arnis": [
        "Filipino"
    ],
    "pole vault": [
        "Pole"
    ],
    "selfdefence martial art": [
        "Pole"
    ],
    "poling": [
        "Pole"
    ],
    "pole exercise": [
        "Pole"
    ],
    "poledancing": [
        "Pole"
    ],
    "pole": [
        "Pole"
    ],
    "playing golf": [
        "Pole"
    ],
    "strength training exercises": [
        "Pole"
    ],
    "kicks a soccer ball": [
        "Pole"
    ],
    "pole dance": [
        "Pole"
    ],
    "pole dancing": [
        "Pole"
    ],
    "kicking the ball": [
        "Portuguese"
    ],
    "mma": [
        "Portuguese",
        "Tajik"
    ],
    "soccer skills": [
        "Portuguese",
        "British"
    ],
    "juijitsu": [
        "Portuguese"
    ],
    "dribbling": [
        "Portuguese"
    ],
    "playing tennis": [
        "Portuguese"
    ],
    "muy thai": [
        "Portuguese"
    ],
    "dance moves": [
        "Portuguese"
    ],
    "combat techniques": [
        "Portuguese"
    ],
    "exercises with machines": [
        "Portuguese"
    ],
    "latino": [
        "Puertorrique\u00f1o"
    ],
    "pel\u00e9": [
        "Puertorrique\u00f1o"
    ],
    "in the garden": [
        "Qatari"
    ],
    "camel riding": [
        "Qatari"
    ],
    "horseback riding": [
        "Qatari",
        "British"
    ],
    "desert sports": [
        "Qatari"
    ],
    "islamic prayers": [
        "Qatari"
    ],
    "bedouin": [
        "Qatari"
    ],
    "alaswaq": [
        "Qatari"
    ],
    "ca\u0163\u0103ni\u0163a": [
        "Romanian"
    ],
    "pankration": [
        "Russian"
    ],
    "chess": [
        "Russian",
        "Tajik"
    ],
    "situp": [
        "Russian"
    ],
    "kombat sambo": [
        "Russian"
    ],
    "pullup": [
        "Russian"
    ],
    "jiujistu": [
        "Russian"
    ],
    "ballet dancing": [
        "Russian"
    ],
    "rides a bike": [
        "Russian"
    ],
    "umuganura": [
        "Rwandan"
    ],
    "kigeme": [
        "Rwandan"
    ],
    "squatting": [
        "Rwandan"
    ],
    "ngindo": [
        "Rwandan"
    ],
    "salat": [
        "Saudi",
        "Yemenis"
    ],
    "taeb": [
        "Saudi"
    ],
    "performing the salah": [
        "Saudi"
    ],
    "moderate exercise": [
        "Saudi"
    ],
    "sword or katana techniques": [
        "Saudi"
    ],
    "tabeem": [
        "Saudi"
    ],
    "the accordion": [
        "Serbian"
    ],
    "lifts": [
        "Serbian"
    ],
    "ballroom": [
        "Serbian"
    ],
    "ta chi": [
        "Singaporean"
    ],
    "wu shu": [
        "Singaporean"
    ],
    "wushu kung fu": [
        "Singaporean"
    ],
    "quan": [
        "Singaporean"
    ],
    "pakua": [
        "Singaporean"
    ],
    "pohybovia": [
        "Slovakian"
    ],
    "pohybov\u00e1": [
        "Slovakian"
    ],
    "plank": [
        "Slovakian"
    ],
    "everything": [
        "Slovakian"
    ],
    "kolo": [
        "Slovakian"
    ],
    "cleaning": [
        "Slovakian"
    ],
    "pioneers": [
        "Slovakian"
    ],
    "cross country running": [
        "Slovene"
    ],
    "tae soo do": [
        "Korean"
    ],
    "kungfo": [
        "Korean"
    ],
    "hapkido": [
        "Korean"
    ],
    "chinese martial art": [
        "Korean"
    ],
    "japanese": [
        "Korean"
    ],
    "karat": [
        "Korean"
    ],
    "walks around the neighborhood": [
        "Korean"
    ],
    "new age": [
        "Korean"
    ],
    "routines": [
        "South African"
    ],
    "hiphop dancing": [
        "South African"
    ],
    "doing stretching exercises": [
        "Spanish"
    ],
    "flamenco dance": [
        "Spanish"
    ],
    "daily": [
        "Spanish",
        "Swiss"
    ],
    "on the street": [
        "Spanish"
    ],
    "flamenco dancing": [
        "Spanish"
    ],
    "flamenco": [
        "Spanish"
    ],
    "dance steps": [
        "Spanish"
    ],
    "in the fresh air": [
        "Spanish"
    ],
    "a mountain bike": [
        "Swede"
    ],
    "bicycle training": [
        "Swede"
    ],
    "in the fitness club": [
        "Swede"
    ],
    "swedish": [
        "Swede"
    ],
    "shot put": [
        "Swede"
    ],
    "squash": [
        "Swiss"
    ],
    "ping pong": [
        "Swiss"
    ],
    "a fitness machine": [
        "Swiss"
    ],
    "with the dog": [
        "Swiss"
    ],
    "downhill skiing": [
        "Swiss"
    ],
    "highintensity interval training": [
        "Swiss"
    ],
    "cross fit": [
        "Swiss"
    ],
    "mountain": [
        "Swiss"
    ],
    "10kilometer jog or hike": [
        "Swiss"
    ],
    "parkour": [
        "Swiss"
    ],
    "evening walk": [
        "Swiss"
    ],
    "racquet": [
        "Swiss"
    ],
    "trx suspension training": [
        "Swiss"
    ],
    "bodyweight exercises": [
        "Swiss"
    ],
    "kettle bells": [
        "Swiss"
    ],
    "rock climbing": [
        "Swiss"
    ],
    "a deep squat": [
        "Swiss"
    ],
    "sailing": [
        "Swiss",
        "British"
    ],
    "downhill biking": [
        "Swiss"
    ],
    "corefocused": [
        "Swiss"
    ],
    "barbells": [
        "Swiss"
    ],
    "in the forest": [
        "Swiss"
    ],
    "functional movements": [
        "Swiss"
    ],
    "tai ji quan": [
        "Taiwanese"
    ],
    "chinese exercise": [
        "Taiwanese"
    ],
    "taoist meditation": [
        "Taiwanese"
    ],
    "tai qi": [
        "Taiwanese"
    ],
    "yang shang": [
        "Taiwanese"
    ],
    "tai ji": [
        "Taiwanese"
    ],
    "baduanjin": [
        "Taiwanese"
    ],
    "taolu": [
        "Taiwanese"
    ],
    "gushtigiri": [
        "Tajik"
    ],
    "at home": [
        "Tajik"
    ],
    "ziwa": [
        "Tajik"
    ],
    "military service": [
        "Tajik"
    ],
    "tai chi chih": [
        "Thai"
    ],
    "muay": [
        "Thai"
    ],
    "wushu martial arts": [
        "Thai"
    ],
    "muay boran": [
        "Thai"
    ],
    "calypso": [
        "Trinbagonian"
    ],
    "soca": [
        "Trinbagonian"
    ],
    "aerobi": [
        "Tunisian"
    ],
    "fitaya": [
        "Tunisian"
    ],
    "30 pushup": [
        "Turkish"
    ],
    "oil wrestling": [
        "Turkish"
    ],
    "5x5 of his daily": [
        "Turkish"
    ],
    "callisthenics": [
        "Turkish"
    ],
    "karsilama": [
        "Turkish"
    ],
    "aki kado": [
        "Turkish"
    ],
    "walks his dogs": [
        "British"
    ],
    "polo": [
        "British"
    ],
    "english": [
        "British"
    ],
    "walks around the block": [
        "British"
    ],
    "exercises with light weights": [
        "British"
    ],
    "workouts": [
        "British"
    ],
    "rides horses": [
        "British"
    ],
    "running with their dogs": [
        "British"
    ],
    "playing basketball": [
        "British"
    ],
    "long scenic walks": [
        "British"
    ],
    "running on a treadmill": [
        "British"
    ],
    "tiger style fighting": [
        "Ukrainian"
    ],
    "aerobic training": [
        "Ukrainian"
    ],
    "russian dancing": [
        "Ukrainian"
    ],
    "to the fitness center": [
        "Ukrainian"
    ],
    "russian karate": [
        "Ukrainian"
    ],
    "dancetype exercise": [
        "Ukrainian"
    ],
    "sambo": [
        "Ukrainian",
        "Uzbek"
    ],
    "80s aerobic dance": [
        "Ukrainian"
    ],
    "muay thai boxing": [
        "Ukrainian"
    ],
    "riding bicycle": [
        "American"
    ],
    "aerob": [
        "American"
    ],
    "badm": [
        "American"
    ],
    "the schools": [
        "American"
    ],
    "going to gym regularly": [
        "American"
    ],
    "gym workout": [
        "American"
    ],
    "swim": [
        "American"
    ],
    "breathing exercises": [
        "American"
    ],
    "vol": [
        "Uruguayan"
    ],
    "maksab": [
        "Uzbek"
    ],
    "kupkari": [
        "Uzbek"
    ],
    "jariyan": [
        "Uzbek"
    ],
    "ayil": [
        "Uzbek"
    ],
    "wresting": [
        "Uzbek"
    ],
    "tugofwar": [
        "Uzbek"
    ],
    "to a fitness club": [
        "Uzbek"
    ],
    "joropo": [
        "Venezuelan"
    ],
    "f\u00fatbol": [
        "Venezuelan"
    ],
    "vovinam": [
        "Vietnamese"
    ],
    "t\u00e2y v\u00f5 s\u1ea3n": [
        "Vietnamese"
    ],
    "yemini": [
        "Yemenis"
    ],
    "wukub": [
        "Yemenis"
    ],
    "games": [
        "Zambian"
    ],
    "chiyokwe": [
        "Zambian"
    ],
    "lusenge": [
        "Zambian"
    ],
    "nsima": [
        "Zambian"
    ],
    "kwela": [
        "Zimbabwean"
    ],
    "shona dance": [
        "Zimbabwean"
    ]
}