{
    "zurla": [
        "Albanian",
        "Kosovar"
    ],
    "tapan": [
        "Albanian",
        "Macedonian"
    ],
    "saxophone": [
        "Albanian",
        "Argentine",
        "Australian",
        "Austrian",
        "Belgian",
        "Bulgarian",
        "Canadian",
        "Czech",
        "Chilean",
        "Chinese",
        "Dane",
        "Dominican",
        "Egyptian",
        "Salvadoran",
        "Finn",
        "French",
        "Georgian",
        "German",
        "Greek",
        "Hungarian",
        "Irish",
        "Jordanian",
        "Libyan",
        "Luxembourger",
        "Nigerian",
        "Norwegian",
        "Pole",
        "Portuguese",
        "Qatari",
        "Romanian",
        "Saudi",
        "Serbian",
        "South African",
        "Swiss",
        "Turkish",
        "British",
        "American"
    ],
    "shaker": [
        "Albanian"
    ],
    "cumbus": [
        "Albanian"
    ],
    "mandolins": [
        "Albanian"
    ],
    "giga": [
        "Albanian"
    ],
    "kaval": [
        "Albanian",
        "Bulgarian",
        "Macedonian",
        "Turkish"
    ],
    "\u00e7ifteli": [
        "Albanian",
        "Cypriot"
    ],
    "accordion": [
        "Albanian",
        "Algerian",
        "Armenian",
        "Azerbaijani",
        "Belarusian",
        "Belgian",
        "Bulgarian",
        "Croatian",
        "Cypriot",
        "Czech",
        "Dane",
        "Dominican",
        "Estonian",
        "Georgian",
        "German",
        "Greek",
        "Haitian",
        "Hungarian",
        "Icelander",
        "Iranian",
        "Italian",
        "Jordanian",
        "Kosovar",
        "Kyrgyz",
        "Latvian",
        "Lebanese",
        "Lithuanian",
        "Luxembourger",
        "Moldovan",
        "Montenegrin",
        "Macedonian",
        "Puertorrique\u00f1o",
        "Romanian",
        "Russian",
        "Rwandan",
        "Serbian",
        "Slovakian",
        "Slovene",
        "Swiss",
        "Tajik",
        "Tunisian",
        "Ukrainian",
        "Uruguayan"
    ],
    "floralyke": [
        "Albanian"
    ],
    "tambura": [
        "Albanian",
        "Kosovar",
        "Maldivian",
        "Montenegrin",
        "Macedonian"
    ],
    "tar": [
        "Albanian",
        "Algerian",
        "Armenian",
        "Azerbaijani",
        "Palestinian",
        "Uzbek"
    ],
    "banjo": [
        "Albanian",
        "Australian",
        "Canadian",
        "Croatian",
        "Dane",
        "French",
        "Haitian",
        "Irish",
        "Kosovar",
        "Libyan",
        "Mexican",
        "Moldovan",
        "Dutch",
        "Norwegian",
        "Rwandan",
        "Slovakian",
        "South African",
        "Tunisian"
    ],
    "guitars": [
        "Albanian",
        "Argentine",
        "Austrian",
        "Belgian",
        "Canadian",
        "Colombian",
        "Dominican",
        "Finn",
        "German",
        "Hungarian",
        "Icelander",
        "Iraqi",
        "Italian",
        "Japanese",
        "Latvian",
        "Libyan",
        "Malaysian",
        "Mexican",
        "Portuguese",
        "Romanian",
        "Serbian",
        "Slovene",
        "Korean",
        "Tunisian",
        "British",
        "Ukrainian",
        "American"
    ],
    "tzumbur": [
        "Albanian"
    ],
    "cymbal": [
        "Albanian",
        "Ukrainian"
    ],
    "tamburica": [
        "Albanian",
        "Montenegrin",
        "Serbian"
    ],
    "basses": [
        "Albanian"
    ],
    "\u00e7iftelia": [
        "Albanian"
    ],
    "darbuka drum": [
        "Algerian"
    ],
    "qanun": [
        "Algerian",
        "Azerbaijani",
        "Egyptian",
        "Iraqi",
        "Jordanian",
        "Kuwaiti",
        "Lebanese",
        "Libyan",
        "Moroccan",
        "Palestinian",
        "Qatari",
        "Tunisian",
        "Yemenis"
    ],
    "rababa": [
        "Algerian",
        "Iraqi",
        "Jordanian",
        "Libyan",
        "Moroccan",
        "Palestinian",
        "Qatari",
        "Uzbek",
        "Yemenis"
    ],
    "clarinet": [
        "Algerian",
        "Armenian",
        "Colombian",
        "Croatian",
        "Dane",
        "Egyptian",
        "Finn",
        "French",
        "German",
        "Greek",
        "Italian",
        "Kosovar",
        "Libyan",
        "Nicaraguan",
        "Macedonian",
        "Norwegian",
        "Palestinian",
        "Serbian",
        "Swiss",
        "Turkish",
        "American"
    ],
    "tarat": [
        "Algerian"
    ],
    "rebaba": [
        "Algerian",
        "Iraqi",
        "Libyan",
        "Yemenis"
    ],
    "daf": [
        "Algerian",
        "Azerbaijani",
        "Egyptian",
        "Iranian",
        "Lebanese",
        "Libyan",
        "Moroccan",
        "Tajik",
        "Tunisian"
    ],
    "keyboard": [
        "Algerian",
        "Croatian",
        "Dane",
        "Ethiopian",
        "Ghanaian",
        "Hong Konger",
        "Iranian",
        "Lithuanian",
        "Luxembourger",
        "Malaysian",
        "Macedonian",
        "Filipino",
        "Qatari",
        "Rwandan",
        "Serbian",
        "Singaporean",
        "Korean",
        "Taiwanese",
        "Trinbagonian",
        "Zimbabwean"
    ],
    "arabic drum": [
        "Algerian",
        "Egyptian",
        "Lebanese",
        "Tunisian"
    ],
    "djemb\u00e8": [
        "Algerian"
    ],
    "drum": [
        "Algerian",
        "Bangladeshi",
        "Bolivian",
        "Dane",
        "Salvadoran",
        "Ethiopian",
        "Ghanaian",
        "Guatemalan",
        "Haitian",
        "Hong Konger",
        "Indian",
        "Iranian",
        "Iraqi",
        "Kosovar",
        "Kyrgyz",
        "Lebanese",
        "Maldivian",
        "Mongolian",
        "Moroccan",
        "New Zealander",
        "Nicaraguan",
        "Nigerian",
        "Pakistani",
        "Peruvian",
        "Puertorrique\u00f1o",
        "Qatari",
        "Rwandan",
        "South African",
        "Tajik",
        "Trinbagonian",
        "Tunisian",
        "Zambian",
        "Zimbabwean"
    ],
    "riqq": [
        "Algerian",
        "Lebanese"
    ],
    "ney": [
        "Algerian",
        "Egyptian",
        "Lebanese",
        "Libyan",
        "Tunisian",
        "Turkish"
    ],
    "flute": [
        "Algerian",
        "Armenian",
        "Australian",
        "Czech",
        "Ecuadorian",
        "Egyptian",
        "Salvadoran",
        "Estonian",
        "French",
        "German",
        "Greek",
        "Haitian",
        "Hungarian",
        "Indian",
        "Iranian",
        "Iraqi",
        "Irish",
        "Japanese",
        "Jordanian",
        "Kenyan",
        "Kosovar",
        "Kyrgyz",
        "Latvian",
        "Lebanese",
        "Luxembourger",
        "Moldovan",
        "Nicaraguan",
        "Nigerian",
        "Macedonian",
        "Palestinian",
        "Peruvian",
        "Portuguese",
        "Qatari",
        "Romanian",
        "Russian",
        "Rwandan",
        "Serbian",
        "Singaporean",
        "Slovene",
        "Swiss",
        "Taiwanese",
        "Tajik",
        "Trinbagonian",
        "Tunisian",
        "Turkish",
        "British",
        "Ukrainian"
    ],
    "oud": [
        "Algerian",
        "Azerbaijani",
        "Bosnian",
        "Croatian",
        "Cypriot",
        "Egyptian",
        "Greek",
        "Iranian",
        "Iraqi",
        "Jordanian",
        "Kosovar",
        "Kuwaiti",
        "Lebanese",
        "Libyan",
        "Maldivian",
        "Montenegrin",
        "Moroccan",
        "Palestinian",
        "Qatari",
        "Saudi",
        "Serbian",
        "Tajik",
        "Tunisian",
        "Turkish",
        "Uruguayan",
        "Uzbek",
        "Yemenis"
    ],
    "ghrabsou": [
        "Algerian"
    ],
    "darbuka": [
        "Algerian",
        "Libyan",
        "Tunisian"
    ],
    "tambur": [
        "Algerian",
        "Tajik",
        "Uzbek"
    ],
    "arabian bag pipes": [
        "Algerian"
    ],
    "bendir": [
        "Algerian",
        "Egyptian",
        "Libyan",
        "Qatari",
        "Tunisian"
    ],
    "wood instruments": [
        "Andorran"
    ],
    "flamenco guitar": [
        "Andorran",
        "Argentine",
        "Spanish"
    ],
    "class": [
        "Andorran"
    ],
    "caj\u00f3n": [
        "Andorran",
        "Bolivian",
        "Chilean",
        "Ecuadorian",
        "Peruvian"
    ],
    "tango": [
        "Argentine"
    ],
    "flauta": [
        "Argentine"
    ],
    "spanish guitar": [
        "Argentine",
        "Colombian",
        "Dominican",
        "Ecuadorian",
        "Mexican",
        "Peruvian",
        "Portuguese",
        "Venezuelan"
    ],
    "trombone": [
        "Argentine",
        "Czech",
        "Dane",
        "Egyptian",
        "Estonian",
        "Haitian",
        "Icelander",
        "Luxembourger",
        "Dutch",
        "Nigerian",
        "Norwegian",
        "Russian",
        "Serbian",
        "Slovene",
        "Swede",
        "British"
    ],
    "cymbals": [
        "Argentine",
        "British"
    ],
    "bandone\u00f3n": [
        "Argentine"
    ],
    "bandoneons": [
        "Argentine"
    ],
    "bongos": [
        "Argentine",
        "Brazilian",
        "Dominican",
        "Guatemalan",
        "Haitian",
        "Kenyan",
        "Mexican",
        "Nicaraguan",
        "Nigerian",
        "Puertorrique\u00f1o",
        "Spanish",
        "Swiss",
        "British"
    ],
    "violinos": [
        "Argentine"
    ],
    "maracas": [
        "Argentine",
        "Bolivian",
        "Brazilian",
        "Colombian",
        "Dominican",
        "Ecuadorian",
        "Salvadoran",
        "Guatemalan",
        "Haitian",
        "Mexican",
        "Nicaraguan",
        "Nigerian",
        "Peruvian",
        "Portuguese",
        "Puertorrique\u00f1o",
        "Spanish",
        "Trinbagonian",
        "Uruguayan",
        "Venezuelan"
    ],
    "cuatro": [
        "Argentine",
        "Puertorrique\u00f1o",
        "Venezuelan"
    ],
    "classical guitar": [
        "Argentine",
        "German",
        "Nicaraguan",
        "Swiss",
        "Venezuelan"
    ],
    "electric guitar": [
        "Argentine",
        "Australian",
        "Canadian",
        "Colombian",
        "Chilean",
        "Dane",
        "Dominican",
        "Ecuadorian",
        "Salvadoran",
        "Estonian",
        "Finn",
        "French",
        "Icelander",
        "Japanese",
        "Kosovar",
        "Luxembourger",
        "Malaysian",
        "Moldovan",
        "Dutch",
        "Norwegian",
        "Peruvian",
        "Portuguese",
        "Puertorrique\u00f1o",
        "Qatari",
        "Russian",
        "Slovene",
        "Korean",
        "South African",
        "Spanish",
        "Turkish",
        "British",
        "American"
    ],
    "clarinets": [
        "Argentine",
        "Dominican"
    ],
    "bandoneon": [
        "Argentine",
        "Uruguayan"
    ],
    "dhol": [
        "Armenian",
        "Bangladeshi",
        "Indian",
        "Maldivian",
        "Moroccan",
        "Pakistani"
    ],
    "doudouk": [
        "Armenian"
    ],
    "mandolin": [
        "Armenian",
        "Bulgarian",
        "Croatian",
        "Czech",
        "Dominican",
        "Georgian",
        "Greek",
        "Icelander",
        "Iranian",
        "Italian",
        "Kosovar",
        "Moldovan",
        "Macedonian",
        "Romanian",
        "Serbian",
        "Slovakian",
        "Slovene",
        "Turkish",
        "Ukrainian"
    ],
    "harp": [
        "Armenian",
        "Austrian",
        "Chilean",
        "Estonian",
        "Finn",
        "German",
        "Irish",
        "Luxembourger",
        "Slovene",
        "South African",
        "Swiss",
        "Ukrainian",
        "Uruguayan"
    ],
    "trumpet": [
        "Armenian",
        "Australian",
        "Belgian",
        "Bolivian",
        "Canadian",
        "Colombian",
        "Croatian",
        "Czech",
        "Dane",
        "Dominican",
        "Ecuadorian",
        "Salvadoran",
        "Estonian",
        "French",
        "German",
        "Haitian",
        "Icelander",
        "Irish",
        "Italian",
        "Kosovar",
        "Latvian",
        "Malaysian",
        "Moldovan",
        "Dutch",
        "Nicaraguan",
        "Nigerian",
        "Macedonian",
        "Palestinian",
        "Filipino",
        "Portuguese",
        "Puertorrique\u00f1o",
        "Qatari",
        "Romanian",
        "Rwandan",
        "Serbian",
        "Slovene",
        "Korean",
        "South African",
        "Swiss",
        "Trinbagonian",
        "Turkish",
        "British",
        "American"
    ],
    "kanoon": [
        "Armenian"
    ],
    "duduk": [
        "Armenian",
        "Belarusian",
        "Bosnian",
        "Georgian",
        "Jordanian",
        "Kosovar",
        "Tajik"
    ],
    "tumbour": [
        "Armenian"
    ],
    "kemenche": [
        "Armenian",
        "Azerbaijani",
        "Turkish"
    ],
    "violin": [
        "Armenian",
        "Bolivian",
        "Bulgarian",
        "Croatian",
        "Czech",
        "Chilean",
        "Ecuadorian",
        "Salvadoran",
        "Estonian",
        "Georgian",
        "German",
        "Haitian",
        "Hungarian",
        "Icelander",
        "Indian",
        "Iranian",
        "Iraqi",
        "Irish",
        "Italian",
        "Japanese",
        "Jordanian",
        "Kosovar",
        "Kyrgyz",
        "Latvian",
        "Lebanese",
        "Libyan",
        "Lithuanian",
        "Luxembourger",
        "Moldovan",
        "Nicaraguan",
        "Macedonian",
        "Palestinian",
        "Portuguese",
        "Qatari",
        "Romanian",
        "Russian",
        "Rwandan",
        "Serbian",
        "Slovakian",
        "Slovene",
        "Korean",
        "South African",
        "Swiss",
        "Taiwanese",
        "Tajik",
        "Tunisian",
        "Turkish",
        "Ukrainian"
    ],
    "didgeridoo": [
        "Australian",
        "South African"
    ],
    "ukulele": [
        "Australian",
        "Brazilian",
        "Canadian",
        "Czech",
        "Chilean",
        "Dane",
        "Finn",
        "French",
        "German",
        "Irish",
        "Malaysian",
        "Mexican",
        "Dutch",
        "Nicaraguan",
        "Norwegian",
        "Filipino",
        "Russian",
        "Serbian",
        "Slovene",
        "South African",
        "Taiwanese",
        "Thai",
        "British",
        "Ukrainian"
    ],
    "keyboards": [
        "Australian",
        "Malaysian"
    ],
    "acoustic guitar": [
        "Australian",
        "Brazilian",
        "Colombian",
        "Chilean",
        "Dane",
        "Finn",
        "French",
        "Icelander",
        "Italian",
        "Malaysian",
        "Nigerian",
        "Portuguese",
        "Russian",
        "Slovene",
        "South African",
        "Spanish",
        "Tunisian"
    ],
    "guitalele": [
        "Australian"
    ],
    "bass guitar": [
        "Australian",
        "Dane",
        "Finn",
        "Georgian",
        "Japanese",
        "Malaysian",
        "Nigerian",
        "Serbian",
        "Slovene",
        "South African",
        "Spanish"
    ],
    "harmonica": [
        "Australian",
        "Belgian",
        "Bulgarian",
        "Canadian",
        "Croatian",
        "Czech",
        "Chinese",
        "German",
        "Haitian",
        "Hungarian",
        "Icelander",
        "Irish",
        "Latvian",
        "Luxembourger",
        "Malaysian",
        "Moldovan",
        "Dutch",
        "Macedonian",
        "Portuguese",
        "Russian",
        "Rwandan",
        "Serbian",
        "Slovene",
        "South African",
        "Spanish",
        "Swiss",
        "American"
    ],
    "cello": [
        "Austrian",
        "Belgian",
        "Bulgarian",
        "Canadian",
        "Croatian",
        "Czech",
        "Chinese",
        "Dane",
        "Ecuadorian",
        "Estonian",
        "French",
        "Georgian",
        "German",
        "Haitian",
        "Hungarian",
        "Italian",
        "Japanese",
        "Latvian",
        "Lithuanian",
        "Luxembourger",
        "Dutch",
        "Macedonian",
        "Norwegian",
        "Portuguese",
        "Russian",
        "Serbian",
        "Slovakian",
        "Slovene",
        "Korean",
        "South African",
        "Swiss",
        "Taiwanese",
        "Turkish",
        "Ukrainian",
        "Uruguayan"
    ],
    "viola": [
        "Austrian",
        "Bulgarian",
        "Ecuadorian",
        "Estonian",
        "German",
        "Hungarian",
        "Irish",
        "Italian",
        "Lebanese",
        "Libyan",
        "Lithuanian",
        "Luxembourger",
        "Norwegian",
        "Portuguese",
        "Qatari",
        "Slovakian",
        "Tajik",
        "Tunisian",
        "British",
        "Ukrainian"
    ],
    "synthesizer": [
        "Austrian",
        "Malaysian"
    ],
    "violins": [
        "Austrian",
        "Canadian",
        "Haitian",
        "Iraqi",
        "Libyan",
        "Nicaraguan",
        "Macedonian",
        "Russian",
        "Korean",
        "Tunisian"
    ],
    "organ": [
        "Azerbaijani",
        "Belgian",
        "German",
        "Hungarian",
        "Italian",
        "Latvian"
    ],
    "kam\u0101na": [
        "Azerbaijani"
    ],
    "piano": [
        "Azerbaijani",
        "Bolivian",
        "Bosnian",
        "Bulgarian",
        "Croatian",
        "Cypriot",
        "Chilean",
        "Dominican",
        "Ecuadorian",
        "Estonian",
        "Ethiopian",
        "Ghanaian",
        "Haitian",
        "Hungarian",
        "Icelander",
        "Indian",
        "Iranian",
        "Iraqi",
        "Irish",
        "Italian",
        "Japanese",
        "Jordanian",
        "Kosovar",
        "Kyrgyz",
        "Latvian",
        "Lebanese",
        "Libyan",
        "Lithuanian",
        "Luxembourger",
        "Macanese",
        "Moldovan",
        "Nicaraguan",
        "Nigerian",
        "Macedonian",
        "Qatari",
        "Romanian",
        "Russian",
        "Rwandan",
        "Serbian",
        "Singaporean",
        "Slovakian",
        "Slovene",
        "Korean",
        "South African",
        "Taiwanese",
        "Trinbagonian",
        "Tunisian",
        "Uruguayan",
        "Uzbek",
        "Venezuelan",
        "Zimbabwean"
    ],
    "guitar": [
        "Azerbaijani",
        "Belgian",
        "Bolivian",
        "Brazilian",
        "Colombian",
        "Croatian",
        "Cypriot",
        "Chilean",
        "Dane",
        "Dominican",
        "Ecuadorian",
        "Salvadoran",
        "Estonian",
        "Ethiopian",
        "Guatemalan",
        "Haitian",
        "Hungarian",
        "Icelander",
        "Indian",
        "Iranian",
        "Iraqi",
        "Irish",
        "Italian",
        "Kosovar",
        "Latvian",
        "Lebanese",
        "Libyan",
        "Lithuanian",
        "Luxembourger",
        "Mexican",
        "Moldovan",
        "Nicaraguan",
        "Nigerian",
        "Macedonian",
        "Peruvian",
        "Puertorrique\u00f1o",
        "Qatari",
        "Romanian",
        "Rwandan",
        "Serbian",
        "Slovakian",
        "South African",
        "Spanish",
        "Tunisian",
        "Uruguayan",
        "Venezuelan"
    ],
    "balaban": [
        "Azerbaijani"
    ],
    "drums": [
        "Azerbaijani",
        "Belgian",
        "Bolivian",
        "Colombian",
        "Croatian",
        "Chilean",
        "Dane",
        "Dominican",
        "Ecuadorian",
        "Salvadoran",
        "Ethiopian",
        "Ghanaian",
        "Guatemalan",
        "Haitian",
        "Hungarian",
        "Icelander",
        "Indian",
        "Iranian",
        "Iraqi",
        "Irish",
        "Italian",
        "Japanese",
        "Kosovar",
        "Latvian",
        "Lebanese",
        "Lithuanian",
        "Luxembourger",
        "Malaysian",
        "Moldovan",
        "Nicaraguan",
        "Nigerian",
        "Macedonian",
        "Peruvian",
        "Puertorrique\u00f1o",
        "Qatari",
        "Romanian",
        "Rwandan",
        "Serbian",
        "Slovakian",
        "South African",
        "Swiss",
        "Trinbagonian",
        "Tunisian",
        "Uruguayan",
        "Zimbabwean"
    ],
    "doyra": [
        "Azerbaijani"
    ],
    "music": [
        "Azerbaijani",
        "Croatian",
        "Taiwanese"
    ],
    "tanbur": [
        "Azerbaijani",
        "Egyptian",
        "Moroccan",
        "Palestinian",
        "Uzbek"
    ],
    "baglamas": [
        "Azerbaijani",
        "Cypriot"
    ],
    "saz": [
        "Azerbaijani",
        "Iranian",
        "Iraqi",
        "Kyrgyz",
        "Lebanese",
        "Libyan",
        "Montenegrin",
        "Palestinian",
        "Tunisian",
        "Turkish"
    ],
    "kamancha": [
        "Azerbaijani"
    ],
    "tabla": [
        "Bangladeshi",
        "Egyptian",
        "Haitian",
        "Indian",
        "Iraqi",
        "Jordanian",
        "Lebanese",
        "Libyan",
        "Maldivian",
        "Moroccan",
        "Pakistani",
        "Palestinian",
        "Qatari",
        "Tajik",
        "Tunisian"
    ],
    "rabab": [
        "Bangladeshi"
    ],
    "harmonium": [
        "Bangladeshi",
        "Indian",
        "Pakistani"
    ],
    "sitar": [
        "Bangladeshi",
        "Indian",
        "Iranian",
        "Pakistani",
        "Qatari",
        "Tajik",
        "Yemenis"
    ],
    "dhak": [
        "Bangladeshi"
    ],
    "sarinda": [
        "Bangladeshi"
    ],
    "bansuri": [
        "Bangladeshi"
    ],
    "tablas": [
        "Bangladeshi",
        "Indian",
        "Iraqi",
        "Palestinian"
    ],
    "bamboo instrument": [
        "Bangladeshi",
        "Thai"
    ],
    "dhutar": [
        "Bangladeshi"
    ],
    "bandura": [
        "Belarusian",
        "Moldovan",
        "Ukrainian"
    ],
    "balalaika": [
        "Belarusian",
        "Bulgarian",
        "Croatian",
        "Kazakh",
        "Lithuanian",
        "Moldovan",
        "Russian",
        "Slovakian",
        "Ukrainian",
        "Uzbek"
    ],
    "gusli": [
        "Belarusian"
    ],
    "domra": [
        "Belarusian",
        "Russian",
        "Uzbek"
    ],
    "bayan": [
        "Belarusian"
    ],
    "saxophones": [
        "Belgian",
        "Libyan",
        "Saudi"
    ],
    "violone": [
        "Belgian"
    ],
    "bass": [
        "Belgian",
        "Bolivian",
        "Bosnian",
        "Brazilian",
        "Canadian",
        "Chilean",
        "Estonian",
        "Ethiopian",
        "Hungarian",
        "Japanese",
        "Lithuanian",
        "Luxembourger",
        "Moldovan",
        "New Zealander",
        "Norwegian",
        "South African",
        "Swiss",
        "Uruguayan",
        "Zimbabwean"
    ],
    "panpipes": [
        "Bolivian",
        "Colombian",
        "Guatemalan",
        "Trinbagonian"
    ],
    "panflutes": [
        "Bolivian"
    ],
    "bongoes": [
        "Bolivian"
    ],
    "charanguita": [
        "Bolivian"
    ],
    "charanga": [
        "Bolivian",
        "Colombian"
    ],
    "zampo\u00f1a": [
        "Bolivian",
        "Peruvian"
    ],
    "bandurria": [
        "Bolivian",
        "Ecuadorian",
        "Peruvian",
        "Filipino",
        "Venezuelan"
    ],
    "cajon": [
        "Bolivian",
        "Chilean",
        "Peruvian",
        "Spanish",
        "Uruguayan"
    ],
    "pan flutes": [
        "Bolivian",
        "Guatemalan"
    ],
    "the quena": [
        "Bolivian"
    ],
    "maraca": [
        "Bolivian",
        "Colombian",
        "Haitian",
        "Nicaraguan",
        "Peruvian",
        "Puertorrique\u00f1o",
        "Venezuelan"
    ],
    "charango": [
        "Bolivian",
        "Ecuadorian",
        "Mexican",
        "Peruvian",
        "Uruguayan"
    ],
    "pan flute": [
        "Bolivian",
        "Chilean",
        "Ecuadorian",
        "Salvadoran",
        "Guatemalan",
        "Moldovan",
        "Myanmari",
        "Peruvian",
        "Venezuelan"
    ],
    "quena": [
        "Bolivian",
        "Peruvian"
    ],
    "chicha": [
        "Bolivian"
    ],
    "tamburitza": [
        "Bosnian",
        "Croatian",
        "Montenegrin",
        "Serbian"
    ],
    "gusle": [
        "Bosnian",
        "Bulgarian",
        "Georgian",
        "Montenegrin",
        "Macedonian",
        "Serbian"
    ],
    "tambure": [
        "Bosnian"
    ],
    "pandeiro": [
        "Brazilian"
    ],
    "cavaquinho": [
        "Brazilian",
        "Portuguese"
    ],
    "cuica": [
        "Brazilian"
    ],
    "berimbao": [
        "Brazilian"
    ],
    "guitarr\u00e3o": [
        "Brazilian"
    ],
    "bongo": [
        "Brazilian",
        "Colombian",
        "Dominican",
        "Puertorrique\u00f1o",
        "Trinbagonian",
        "Uruguayan",
        "Venezuelan"
    ],
    "tambour": [
        "Bulgarian",
        "Ecuadorian",
        "Haitian",
        "Qatari",
        "Yemenis"
    ],
    "accordian": [
        "Bulgarian",
        "Czech",
        "Moldovan",
        "Slovene"
    ],
    "lyre": [
        "Bulgarian",
        "Greek",
        "Rwandan",
        "Ukrainian"
    ],
    "gadulka": [
        "Bulgarian",
        "Macedonian"
    ],
    "lyra": [
        "Bulgarian",
        "Cypriot",
        "Greek"
    ],
    "mandola": [
        "Bulgarian"
    ],
    "kalimba": [
        "Bulgarian",
        "Kenyan",
        "Rwandan",
        "South African",
        "Zambian"
    ],
    "bagpipe": [
        "Bulgarian",
        "Iraqi",
        "Irish",
        "Montenegrin",
        "Macedonian",
        "Norwegian",
        "Serbian",
        "Slovakian"
    ],
    "keyboard instruments": [
        "Bulgarian"
    ],
    "percussions": [
        "Canadian",
        "Libyan"
    ],
    "bagpipes": [
        "Canadian",
        "French",
        "Icelander",
        "Iraqi",
        "Irish",
        "Luxembourger",
        "Macedonian",
        "Romanian",
        "Serbian",
        "Swiss",
        "British"
    ],
    "guira": [
        "Colombian",
        "Haitian",
        "Nicaraguan"
    ],
    "surtido": [
        "Colombian"
    ],
    "guitarra": [
        "Colombian"
    ],
    "tiple": [
        "Colombian",
        "Salvadoran",
        "Nicaraguan",
        "Puertorrique\u00f1o",
        "Venezuelan"
    ],
    "pan pipes": [
        "Colombian",
        "Ecuadorian",
        "Salvadoran"
    ],
    "marimba": [
        "Colombian",
        "Dominican",
        "Ecuadorian",
        "Salvadoran",
        "Guatemalan",
        "Haitian",
        "Kenyan",
        "Luxembourger",
        "Mexican",
        "Nicaraguan",
        "Peruvian",
        "Rwandan",
        "South African",
        "Uruguayan",
        "Zambian",
        "Zimbabwean"
    ],
    "panpipe": [
        "Colombian"
    ],
    "marimbas": [
        "Colombian",
        "Salvadoran",
        "Guatemalan",
        "Kenyan",
        "Nicaraguan",
        "Zimbabwean"
    ],
    "tzoura": [
        "Cypriot"
    ],
    "greek bouzouki": [
        "Cypriot"
    ],
    "greek lute": [
        "Cypriot"
    ],
    "bazouki": [
        "Cypriot"
    ],
    "lute": [
        "Cypriot",
        "Greek",
        "Jordanian",
        "Kosovar",
        "Turkish"
    ],
    "viol": [
        "Cypriot"
    ],
    "bouzouki": [
        "Cypriot",
        "Greek",
        "Macedonian",
        "Serbian",
        "Turkish"
    ],
    "cimbalom": [
        "Czech",
        "Estonian",
        "Hungarian",
        "Latvian",
        "Slovakian",
        "Ukrainian"
    ],
    "electric and acoustic guitar": [
        "Czech"
    ],
    "zither": [
        "Czech",
        "Chinese",
        "Greek",
        "Hungarian",
        "Kyrgyz",
        "Romanian"
    ],
    "fife": [
        "Czech",
        "Irish"
    ],
    "electric violin": [
        "Czech"
    ],
    "percussion": [
        "Chilean",
        "Nicaraguan",
        "Puertorrique\u00f1o",
        "Trinbagonian"
    ],
    "tamborillo": [
        "Chilean"
    ],
    "pipa": [
        "Chinese",
        "Hong Konger",
        "Macanese",
        "Taiwanese"
    ],
    "guzhen": [
        "Chinese"
    ],
    "zhongruan": [
        "Chinese"
    ],
    "dizi": [
        "Chinese",
        "Hong Konger",
        "Taiwanese"
    ],
    "guzheng": [
        "Chinese",
        "Hong Konger",
        "Macanese",
        "Malaysian",
        "Singaporean",
        "Taiwanese",
        "Thai",
        "Vietnamese"
    ],
    "guqin": [
        "Chinese",
        "Hong Konger",
        "Korean",
        "Taiwanese"
    ],
    "xiao": [
        "Chinese"
    ],
    "erhu": [
        "Chinese",
        "Hong Konger",
        "Macanese",
        "Malaysian",
        "Mongolian",
        "Singaporean",
        "Korean",
        "Taiwanese"
    ],
    "chime": [
        "Chinese"
    ],
    "gu zheng": [
        "Chinese"
    ],
    "zheng": [
        "Chinese",
        "Macanese",
        "Taiwanese"
    ],
    "percussion instruments": [
        "Dane",
        "Libyan"
    ],
    "oboe": [
        "Dane",
        "Egyptian",
        "German",
        "Nigerian",
        "Swiss"
    ],
    "drum set": [
        "Dane",
        "Nicaraguan",
        "Filipino",
        "Qatari"
    ],
    "ukelele": [
        "Dane",
        "Irish",
        "Malaysian"
    ],
    "timbales": [
        "Dominican",
        "Ecuadorian",
        "Puertorrique\u00f1o",
        "Venezuelan"
    ],
    "sax": [
        "Dominican",
        "German",
        "Russian",
        "South African",
        "British"
    ],
    "guiro": [
        "Dominican",
        "Haitian",
        "Mexican",
        "Puertorrique\u00f1o"
    ],
    "bongo drums": [
        "Dominican",
        "Ecuadorian",
        "Haitian",
        "Portuguese",
        "South African",
        "Zambian"
    ],
    "g\u00fciro": [
        "Dominican",
        "Puertorrique\u00f1o"
    ],
    "base": [
        "Dominican"
    ],
    "bells": [
        "Dominican"
    ],
    "taita": [
        "Ecuadorian"
    ],
    "guitarr\u00f3n": [
        "Ecuadorian",
        "Guatemalan",
        "Mexican",
        "Nicaraguan"
    ],
    "bombo": [
        "Ecuadorian",
        "Peruvian",
        "Puertorrique\u00f1o"
    ],
    "marracas": [
        "Ecuadorian"
    ],
    "panflute": [
        "Ecuadorian",
        "Nicaraguan"
    ],
    "andean flute": [
        "Ecuadorian",
        "Peruvian"
    ],
    "tambourine": [
        "Ecuadorian",
        "Salvadoran",
        "Irish",
        "Jordanian",
        "Latvian",
        "Macedonian",
        "Peruvian",
        "Filipino",
        "Serbian",
        "South African",
        "Zambian"
    ],
    "conga": [
        "Ecuadorian",
        "Haitian",
        "Puertorrique\u00f1o"
    ],
    "tuna": [
        "Ecuadorian"
    ],
    "guacharaca": [
        "Ecuadorian"
    ],
    "bateria": [
        "Ecuadorian"
    ],
    "drumset": [
        "Ecuadorian",
        "Trinbagonian"
    ],
    "banduro": [
        "Ecuadorian",
        "Nicaraguan"
    ],
    "qanoon": [
        "Egyptian",
        "Jordanian",
        "Kuwaiti",
        "Lebanese",
        "Qatari",
        "Saudi"
    ],
    "arabic drums": [
        "Egyptian",
        "Libyan",
        "Palestinian"
    ],
    "tombak": [
        "Egyptian"
    ],
    "darb\u016bkah": [
        "Egyptian"
    ],
    "mizmar": [
        "Egyptian"
    ],
    "tanboura": [
        "Egyptian"
    ],
    "simsimiyya": [
        "Egyptian"
    ],
    "qanoun": [
        "Egyptian",
        "Jordanian",
        "Lebanese",
        "Palestinian"
    ],
    "riq": [
        "Egyptian",
        "Kuwaiti",
        "Palestinian",
        "Qatari",
        "Yemenis"
    ],
    "the oud": [
        "Egyptian"
    ],
    "darbouka": [
        "Egyptian",
        "Moroccan",
        "Tunisian"
    ],
    "aoud": [
        "Egyptian"
    ],
    "marimbolo": [
        "Salvadoran"
    ],
    "xylophone": [
        "Salvadoran",
        "French",
        "Kenyan",
        "Luxembourger",
        "Mexican",
        "Nigerian",
        "Portuguese",
        "South African",
        "Swiss",
        "Thai"
    ],
    "flutes": [
        "Salvadoran",
        "Guatemalan",
        "Icelander",
        "Iraqi",
        "Irish",
        "Nicaraguan",
        "Rwandan",
        "Trinbagonian",
        "Tunisian"
    ],
    "guitarras": [
        "Salvadoran",
        "Puertorrique\u00f1o"
    ],
    "krook": [
        "Estonian"
    ],
    "electric bass": [
        "Estonian",
        "Mexican"
    ],
    "kannel": [
        "Estonian"
    ],
    "krar": [
        "Ethiopian"
    ],
    "kora": [
        "Ethiopian",
        "Ghanaian",
        "South African"
    ],
    "stringed instrument": [
        "French",
        "Ukrainian"
    ],
    "harpsichord": [
        "French",
        "German",
        "Irish",
        "Italian"
    ],
    "woodwind": [
        "French"
    ],
    "pandoury": [
        "Georgian"
    ],
    "chonguri": [
        "Georgian"
    ],
    "domblo": [
        "Georgian"
    ],
    "jawzia": [
        "Georgian"
    ],
    "double bass": [
        "Georgian"
    ],
    "qartuli kimiri": [
        "Georgian"
    ],
    "panduri": [
        "Georgian"
    ],
    "lian": [
        "Georgian"
    ],
    "sazando": [
        "Georgian"
    ],
    "kartuli gamgira": [
        "Georgian"
    ],
    "recorder": [
        "German",
        "Dutch",
        "Nigerian",
        "South African"
    ],
    "electric organ": [
        "German",
        "Russian"
    ],
    "atumpan": [
        "Ghanaian"
    ],
    "djembe": [
        "Ghanaian",
        "Haitian",
        "Kenyan",
        "Nigerian",
        "Rwandan",
        "South African",
        "Tajik",
        "Zimbabwean"
    ],
    "talking drum": [
        "Ghanaian",
        "Nigerian"
    ],
    "african drum": [
        "Ghanaian",
        "Rwandan",
        "Zambian"
    ],
    "kete": [
        "Ghanaian"
    ],
    "balafon": [
        "Ghanaian",
        "Nigerian",
        "Rwandan",
        "South African"
    ],
    "bata drum": [
        "Ghanaian",
        "Nigerian"
    ],
    "gong": [
        "Ghanaian",
        "Malaysian",
        "Singaporean",
        "Korean",
        "Thai"
    ],
    "dhol drum": [
        "Ghanaian"
    ],
    "bata": [
        "Ghanaian"
    ],
    "ganggang": [
        "Ghanaian"
    ],
    "rattle": [
        "Ghanaian"
    ],
    "african drums": [
        "Ghanaian",
        "Kenyan",
        "Nigerian",
        "Rwandan",
        "Zambian"
    ],
    "borborbor": [
        "Ghanaian"
    ],
    "kpanlogo": [
        "Ghanaian"
    ],
    "bouzuki": [
        "Greek",
        "Serbian"
    ],
    "baglama": [
        "Greek",
        "Iraqi",
        "Turkish"
    ],
    "cretan lyra": [
        "Greek"
    ],
    "lira": [
        "Greek"
    ],
    "cavaquino": [
        "Greek"
    ],
    "didirri": [
        "Greek"
    ],
    "\u03bb\u03cd\u03c1\u03b1": [
        "Greek"
    ],
    "bouzoukis": [
        "Greek"
    ],
    "bandola": [
        "Guatemalan",
        "Mexican",
        "Puertorrique\u00f1o"
    ],
    "tamb": [
        "Guatemalan"
    ],
    "tambourines": [
        "Guatemalan"
    ],
    "guirro": [
        "Guatemalan"
    ],
    "tambora": [
        "Guatemalan",
        "Puertorrique\u00f1o"
    ],
    "steel drum": [
        "Haitian",
        "Trinbagonian"
    ],
    "timbale": [
        "Haitian",
        "Puertorrique\u00f1o"
    ],
    "gongi": [
        "Haitian"
    ],
    "tabanca": [
        "Haitian"
    ],
    "tibo": [
        "Haitian"
    ],
    "bazouka": [
        "Haitian"
    ],
    "banza": [
        "Haitian"
    ],
    "guitare": [
        "Haitian"
    ],
    "tumba": [
        "Haitian"
    ],
    "conga drums": [
        "Haitian",
        "Puertorrique\u00f1o"
    ],
    "goude": [
        "Haitian"
    ],
    "tabou": [
        "Haitian"
    ],
    "balafo": [
        "Haitian"
    ],
    "trumpets": [
        "Haitian",
        "Korean"
    ],
    "gaita": [
        "Haitian",
        "Kosovar"
    ],
    "gougue": [
        "Haitian"
    ],
    "chinese flute": [
        "Hong Konger",
        "Taiwanese"
    ],
    "dongxiao": [
        "Hong Konger"
    ],
    "suona": [
        "Hong Konger"
    ],
    "ruan": [
        "Hong Konger"
    ],
    "chinese pipa": [
        "Hong Konger"
    ],
    "chinese violin": [
        "Hong Konger",
        "Macanese"
    ],
    "citera": [
        "Hungarian"
    ],
    "doublebass": [
        "Hungarian",
        "Slovakian"
    ],
    "nagy b\u0151g\u0151": [
        "Hungarian"
    ],
    "cymbalom": [
        "Hungarian"
    ],
    "pianos": [
        "Icelander",
        "Iraqi"
    ],
    "fiddle": [
        "Icelander",
        "Irish",
        "Latvian",
        "Norwegian",
        "Swede"
    ],
    "\u00edslandsp\u00f3ss": [
        "Icelander"
    ],
    "hangdrum": [
        "Icelander"
    ],
    "bongo drum": [
        "Indian",
        "Nicaraguan"
    ],
    "sarangi": [
        "Indian",
        "Pakistani"
    ],
    "sarod": [
        "Indian"
    ],
    "mridanga": [
        "Indian"
    ],
    "mukha": [
        "Indian"
    ],
    "shehnai": [
        "Indian"
    ],
    "dholak": [
        "Indian",
        "Pakistani"
    ],
    "jhanjhar": [
        "Indian"
    ],
    "jaltarang": [
        "Indian"
    ],
    "esraj": [
        "Indian"
    ],
    "nagada": [
        "Indian"
    ],
    "rebab": [
        "Indonesian",
        "Iraqi",
        "Moroccan",
        "Yemenis"
    ],
    "gambang": [
        "Indonesian"
    ],
    "kecapi": [
        "Indonesian"
    ],
    "gamelan": [
        "Indonesian",
        "Singaporean"
    ],
    "serunai": [
        "Indonesian"
    ],
    "angklung": [
        "Indonesian",
        "Singaporean"
    ],
    "kendang": [
        "Indonesian",
        "Malaysian"
    ],
    "rondeng": [
        "Indonesian"
    ],
    "gongs": [
        "Indonesian",
        "Myanmari"
    ],
    "jegog": [
        "Indonesian"
    ],
    "santoor": [
        "Iranian",
        "Iraqi"
    ],
    "setar": [
        "Iranian",
        "Tajik",
        "Uzbek"
    ],
    "pipe": [
        "Iranian"
    ],
    "string instruments": [
        "Iranian",
        "Lebanese"
    ],
    "santour": [
        "Iranian",
        "Iraqi",
        "Moroccan"
    ],
    "persian instrument": [
        "Iranian"
    ],
    "set\u0101r": [
        "Iranian"
    ],
    "kamancheh": [
        "Iranian",
        "Tajik"
    ],
    "persian tabla": [
        "Iranian"
    ],
    "kamanche": [
        "Iranian",
        "Kyrgyz"
    ],
    "santur": [
        "Iranian",
        "Lebanese",
        "Yemenis"
    ],
    "kemen\u00e7e": [
        "Iraqi"
    ],
    "daff": [
        "Iraqi"
    ],
    "domburi": [
        "Iraqi"
    ],
    "qan\u016bn": [
        "Iraqi"
    ],
    "tarab": [
        "Iraqi",
        "Palestinian"
    ],
    "tanbura": [
        "Iraqi",
        "Lebanese",
        "Qatari"
    ],
    "arabic tabla": [
        "Iraqi",
        "Qatari"
    ],
    "pennywhistle": [
        "Irish"
    ],
    "uilleann pipes": [
        "Irish"
    ],
    "celtic harp": [
        "Irish"
    ],
    "uileann pipes": [
        "Irish"
    ],
    "acoustic guitars": [
        "Irish",
        "Norwegian"
    ],
    "banjos": [
        "Irish"
    ],
    "bag pipes": [
        "Irish"
    ],
    "penny whistle": [
        "Irish"
    ],
    "harps": [
        "Irish",
        "Serbian"
    ],
    "tin whistle": [
        "Irish"
    ],
    "taikodrums": [
        "Japanese"
    ],
    "tama": [
        "Japanese"
    ],
    "shakuhachi": [
        "Japanese"
    ],
    "shamisen": [
        "Japanese"
    ],
    "koto": [
        "Japanese",
        "Korean"
    ],
    "wadaiko": [
        "Japanese"
    ],
    "taiko drums": [
        "Japanese"
    ],
    "taiko": [
        "Japanese"
    ],
    "buq": [
        "Jordanian",
        "Tunisian"
    ],
    "qamah": [
        "Jordanian"
    ],
    "ooud": [
        "Jordanian"
    ],
    "ouds": [
        "Jordanian",
        "Yemenis"
    ],
    "arabian drums": [
        "Jordanian",
        "Moroccan"
    ],
    "arabian guitar": [
        "Jordanian"
    ],
    "kobuz": [
        "Kazakh"
    ],
    "kyl kobyz": [
        "Kazakh"
    ],
    "komuz": [
        "Kazakh",
        "Kyrgyz",
        "Uzbek"
    ],
    "kobyz": [
        "Kazakh",
        "Kyrgyz"
    ],
    "kazakh shuspans": [
        "Kazakh"
    ],
    "dombra": [
        "Kazakh",
        "Kyrgyz",
        "Tajik",
        "Uzbek"
    ],
    "baizauk": [
        "Kazakh"
    ],
    "handbell": [
        "Kenyan"
    ],
    "pungi": [
        "Kenyan"
    ],
    "nyatiti": [
        "Kenyan"
    ],
    "african thumb piano": [
        "Kenyan"
    ],
    "mbira": [
        "Kenyan",
        "Nigerian",
        "Rwandan",
        "South African",
        "Zambian",
        "Zimbabwean"
    ],
    "buzuk": [
        "Kosovar"
    ],
    "tamboura": [
        "Kosovar",
        "Macedonian"
    ],
    "accordions": [
        "Kosovar",
        "Lithuanian",
        "Montenegrin",
        "Slovene",
        "Swiss",
        "Ukrainian"
    ],
    "albanian flute": [
        "Kosovar"
    ],
    "gusla": [
        "Kosovar"
    ],
    "kosa": [
        "Kosovar"
    ],
    "duf": [
        "Kuwaiti"
    ],
    "kyjak": [
        "Kyrgyz"
    ],
    "kylkbyak": [
        "Kyrgyz"
    ],
    "jews harp": [
        "Kyrgyz"
    ],
    "komaz": [
        "Kyrgyz"
    ],
    "doira": [
        "Kyrgyz",
        "Tajik",
        "Uzbek"
    ],
    "kui": [
        "Kyrgyz"
    ],
    "kyuak": [
        "Kyrgyz"
    ],
    "kamys": [
        "Kyrgyz"
    ],
    "dutar": [
        "Kyrgyz",
        "Tajik",
        "Uzbek"
    ],
    "kylkoba": [
        "Kyrgyz"
    ],
    "kumyskobyz": [
        "Kyrgyz"
    ],
    "kylkyak": [
        "Kyrgyz"
    ],
    "kylkobyz": [
        "Kyrgyz"
    ],
    "kyak": [
        "Kyrgyz"
    ],
    "toi": [
        "Kyrgyz"
    ],
    "shakarba": [
        "Kyrgyz"
    ],
    "yelbasi": [
        "Kyrgyz"
    ],
    "koo": [
        "Kyrgyz"
    ],
    "shyrna": [
        "Kyrgyz"
    ],
    "balama": [
        "Kyrgyz"
    ],
    "kokle": [
        "Latvian"
    ],
    "kokles": [
        "Latvian"
    ],
    "kanoun": [
        "Lebanese"
    ],
    "\u0639\u0648\u0646": [
        "Lebanese"
    ],
    "ud": [
        "Lebanese",
        "Yemenis"
    ],
    "arabic viola": [
        "Lebanese"
    ],
    "\u0627\u0644\u0646\u0627\u064a": [
        "Lebanese"
    ],
    "zulzal": [
        "Libyan"
    ],
    "arabic flute": [
        "Libyan",
        "Tunisian",
        "Yemenis"
    ],
    "alqanoon": [
        "Libyan"
    ],
    "anoud": [
        "Libyan"
    ],
    "arabic guitar": [
        "Libyan",
        "Saudi"
    ],
    "arabic tanbura": [
        "Libyan"
    ],
    "duff": [
        "Libyan"
    ],
    "arabian flute": [
        "Libyan"
    ],
    "qamun": [
        "Libyan"
    ],
    "daraqiq": [
        "Libyan"
    ],
    "fis": [
        "Lithuanian"
    ],
    "tuba": [
        "Lithuanian",
        "Moldovan",
        "Serbian",
        "Swiss",
        "British"
    ],
    "kankle": [
        "Lithuanian"
    ],
    "ophicleide": [
        "Luxembourger"
    ],
    "brass instrument": [
        "Luxembourger",
        "Swiss"
    ],
    "bassoon": [
        "Luxembourger",
        "Nicaraguan",
        "Romanian",
        "Swiss"
    ],
    "zhong": [
        "Macanese"
    ],
    "portuguese guitar": [
        "Macanese"
    ],
    "electric drums": [
        "Macanese"
    ],
    "kong roh": [
        "Malaysian"
    ],
    "malay drum": [
        "Malaysian"
    ],
    "electronic keyboard": [
        "Malaysian"
    ],
    "xiang": [
        "Malaysian"
    ],
    "bamboo flute": [
        "Malaysian"
    ],
    "dholaki": [
        "Maldivian"
    ],
    "bodi": [
        "Maldivian"
    ],
    "dhondi": [
        "Maldivian"
    ],
    "dhoni": [
        "Maldivian"
    ],
    "dholhi": [
        "Maldivian"
    ],
    "dundubi": [
        "Maldivian"
    ],
    "bandiri": [
        "Maldivian"
    ],
    "the bodu beru": [
        "Maldivian"
    ],
    "gendevara": [
        "Maldivian"
    ],
    "dhunikulhira": [
        "Maldivian"
    ],
    "bamboo": [
        "Maldivian",
        "Myanmari"
    ],
    "bodu beru": [
        "Maldivian"
    ],
    "kadhai": [
        "Maldivian"
    ],
    "mariachi": [
        "Mexican"
    ],
    "mariachi band instruments": [
        "Mexican"
    ],
    "violinas": [
        "Mexican"
    ],
    "mariachi guitars": [
        "Mexican"
    ],
    "maracha": [
        "Mexican"
    ],
    "guitarron": [
        "Mexican"
    ],
    "cimbal": [
        "Moldovan"
    ],
    "cobza": [
        "Moldovan"
    ],
    "string instrument": [
        "Moldovan",
        "Nicaraguan"
    ],
    "mangutai": [
        "Moldovan"
    ],
    "tsuur": [
        "Mongolian"
    ],
    "khomus": [
        "Mongolian"
    ],
    "morin duugan": [
        "Mongolian"
    ],
    "morin huur": [
        "Mongolian"
    ],
    "khoyor": [
        "Mongolian"
    ],
    "zhargal": [
        "Mongolian"
    ],
    "dongi": [
        "Mongolian"
    ],
    "morinhuur": [
        "Mongolian"
    ],
    "morin khuur": [
        "Mongolian"
    ],
    "yatga": [
        "Mongolian"
    ],
    "morin khurree": [
        "Mongolian"
    ],
    "gimbri": [
        "Moroccan"
    ],
    "burmese harp": [
        "Myanmari"
    ],
    "mawkaung": [
        "Myanmari"
    ],
    "kala": [
        "Myanmari"
    ],
    "saunggaing": [
        "Myanmari"
    ],
    "sithar": [
        "Myanmari"
    ],
    "singing bowls": [
        "Myanmari"
    ],
    "pattala": [
        "Myanmari"
    ],
    "burmese guitar": [
        "Myanmari"
    ],
    "saungkhaing": [
        "Myanmari"
    ],
    "kinnari": [
        "Myanmari"
    ],
    "kyay": [
        "Myanmari"
    ],
    "pipes": [
        "Nicaraguan"
    ],
    "marimbula": [
        "Nicaraguan",
        "Puertorrique\u00f1o"
    ],
    "marimbol": [
        "Nicaraguan"
    ],
    "dundun": [
        "Nigerian"
    ],
    "bata drums": [
        "Nigerian"
    ],
    "electronic music": [
        "Nigerian"
    ],
    "tarabuka": [
        "Macedonian"
    ],
    "gajda": [
        "Macedonian"
    ],
    "tupan": [
        "Macedonian"
    ],
    "daire": [
        "Macedonian"
    ],
    "dulcimers": [
        "Norwegian"
    ],
    "hardanger fiddle": [
        "Norwegian"
    ],
    "cellos": [
        "Norwegian"
    ],
    "hardingfele": [
        "Norwegian"
    ],
    "tanpura": [
        "Pakistani"
    ],
    "taar": [
        "Pakistani"
    ],
    "dholki": [
        "Pakistani"
    ],
    "tanpoora": [
        "Pakistani"
    ],
    "djembe drum": [
        "Palestinian",
        "Yemenis"
    ],
    "arabic lute": [
        "Palestinian"
    ],
    "qanon": [
        "Palestinian"
    ],
    "buzuq": [
        "Palestinian",
        "Tunisian"
    ],
    "andean wooden flute": [
        "Peruvian"
    ],
    "caja": [
        "Peruvian"
    ],
    "ronroco": [
        "Peruvian"
    ],
    "cajita": [
        "Peruvian"
    ],
    "quijada": [
        "Peruvian"
    ],
    "recoder": [
        "Peruvian"
    ],
    "tubicin": [
        "Peruvian"
    ],
    "bumbong": [
        "Filipino"
    ],
    "kubing": [
        "Filipino"
    ],
    "rondalla": [
        "Filipino"
    ],
    "uke": [
        "Filipino"
    ],
    "kulintang": [
        "Filipino"
    ],
    "drumsticks": [
        "Filipino"
    ],
    "banduria": [
        "Filipino"
    ],
    "the marimba": [
        "Filipino"
    ],
    "bass guitars": [
        "Pole"
    ],
    "sanfona": [
        "Portuguese"
    ],
    "panderos": [
        "Puertorrique\u00f1o"
    ],
    "puerto rican tambor": [
        "Puertorrique\u00f1o"
    ],
    "cuchilla": [
        "Puertorrique\u00f1o"
    ],
    "congas": [
        "Puertorrique\u00f1o"
    ],
    "bong\u00f3": [
        "Puertorrique\u00f1o"
    ],
    "tambor": [
        "Puertorrique\u00f1o",
        "Uruguayan"
    ],
    "dabka": [
        "Qatari"
    ],
    "tann": [
        "Qatari"
    ],
    "ood": [
        "Qatari"
    ],
    "tabala": [
        "Qatari"
    ],
    "omani flute": [
        "Qatari"
    ],
    "the naejah": [
        "Qatari"
    ],
    "nayeef": [
        "Qatari"
    ],
    "dumbek": [
        "Qatari"
    ],
    "classical guitars": [
        "Romanian"
    ],
    "cornamuse": [
        "Romanian"
    ],
    "the bagpipe": [
        "Romanian"
    ],
    "kayambo": [
        "Rwandan"
    ],
    "imbwa": [
        "Rwandan"
    ],
    "murimi": [
        "Rwandan"
    ],
    "adudu": [
        "Rwandan"
    ],
    "ingorongo": [
        "Rwandan"
    ],
    "umuvunu": [
        "Rwandan"
    ],
    "ingama": [
        "Rwandan"
    ],
    "inanga": [
        "Rwandan"
    ],
    "ineza": [
        "Rwandan"
    ],
    "umudyamadde": [
        "Rwandan"
    ],
    "amakondi": [
        "Rwandan"
    ],
    "mbararimwe": [
        "Rwandan"
    ],
    "umuhanya": [
        "Rwandan"
    ],
    "rukara": [
        "Rwandan"
    ],
    "tabli": [
        "Saudi"
    ],
    "rab\u0101b": [
        "Saudi"
    ],
    "tashlif": [
        "Saudi"
    ],
    "tabla drum": [
        "Saudi"
    ],
    "arab drums": [
        "Saudi"
    ],
    "\u02bf\u016b": [
        "Saudi"
    ],
    "\u0642\u0646\u0648\u0646": [
        "Saudi"
    ],
    "qasaba": [
        "Saudi"
    ],
    "al qadhin": [
        "Saudi"
    ],
    "ciftetelli": [
        "Serbian"
    ],
    "balkan flute": [
        "Serbian"
    ],
    "pencak silat": [
        "Singaporean"
    ],
    "slovak cimbal": [
        "Slovakian"
    ],
    "pungmul": [
        "Korean"
    ],
    "gumum": [
        "Korean"
    ],
    "kayageum": [
        "Korean"
    ],
    "taeg\u016dm": [
        "Korean"
    ],
    "janggu": [
        "Korean"
    ],
    "gukak": [
        "Korean"
    ],
    "violas": [
        "Korean"
    ],
    "haee": [
        "Korean"
    ],
    "kettle drums": [
        "Korean"
    ],
    "pansorim": [
        "Korean"
    ],
    "kayagum": [
        "Korean"
    ],
    "gugak": [
        "Korean"
    ],
    "samgwack": [
        "Korean"
    ],
    "geomungo": [
        "Korean"
    ],
    "gayageum": [
        "Korean"
    ],
    "samulnori": [
        "Korean"
    ],
    "aegeum": [
        "Korean"
    ],
    "african djembe": [
        "South African"
    ],
    "kazoo": [
        "South African"
    ],
    "harmon": [
        "South African"
    ],
    "mbandira": [
        "South African"
    ],
    "uhadi": [
        "South African"
    ],
    "african hand drums": [
        "South African"
    ],
    "drumming": [
        "South African"
    ],
    "clar": [
        "Swede"
    ],
    "yodel": [
        "Swiss"
    ],
    "electronic synthesizer": [
        "Swiss"
    ],
    "alphorn": [
        "Swiss"
    ],
    "french horn": [
        "Swiss"
    ],
    "electronic piano": [
        "Swiss"
    ],
    "electronic drum kit": [
        "Swiss"
    ],
    "vibraphone": [
        "Swiss"
    ],
    "chinese zither": [
        "Taiwanese"
    ],
    "guzhang": [
        "Taiwanese"
    ],
    "sato": [
        "Tajik"
    ],
    "karnai": [
        "Tajik"
    ],
    "dut\u0101r": [
        "Tajik"
    ],
    "dambura": [
        "Tajik"
    ],
    "karnay": [
        "Tajik",
        "Uzbek"
    ],
    "dotaran": [
        "Tajik"
    ],
    "dobra": [
        "Tajik"
    ],
    "dotar": [
        "Tajik",
        "Uzbek"
    ],
    "rubab": [
        "Tajik",
        "Uzbek"
    ],
    "dozra": [
        "Tajik"
    ],
    "chang": [
        "Tajik"
    ],
    "khim": [
        "Thai"
    ],
    "\u0e04\u0e22\u0e1a\u0e2d\u0e23\u0e14": [
        "Thai"
    ],
    "siam": [
        "Thai"
    ],
    "khaen": [
        "Thai"
    ],
    "khue": [
        "Thai"
    ],
    "kongtaeng": [
        "Thai"
    ],
    "guizeng": [
        "Thai"
    ],
    "khong wong yai": [
        "Thai"
    ],
    "keng": [
        "Thai"
    ],
    "rin": [
        "Thai"
    ],
    "flutophone": [
        "Thai"
    ],
    "phin": [
        "Thai"
    ],
    "kalina": [
        "Trinbagonian"
    ],
    "pan": [
        "Trinbagonian"
    ],
    "indian": [
        "Trinbagonian"
    ],
    "steelpan": [
        "Trinbagonian"
    ],
    "steel pan drum": [
        "Trinbagonian"
    ],
    "steel drums": [
        "Trinbagonian"
    ],
    "steel pans": [
        "Trinbagonian"
    ],
    "maraccas": [
        "Trinbagonian"
    ],
    "tamboo bamboo": [
        "Trinbagonian"
    ],
    "steel pan": [
        "Trinbagonian"
    ],
    "tenor pan": [
        "Trinbagonian"
    ],
    "arabic instruments": [
        "Tunisian"
    ],
    "guitarist": [
        "Tunisian"
    ],
    "darbukia": [
        "Tunisian"
    ],
    "djemb\u00e9": [
        "Tunisian"
    ],
    "cymbalum": [
        "Tunisian"
    ],
    "qaraqeb": [
        "Tunisian"
    ],
    "gumbri": [
        "Tunisian"
    ],
    "doumbek": [
        "Tunisian"
    ],
    "alp horn": [
        "Tunisian"
    ],
    "darbukka": [
        "Tunisian"
    ],
    "arabic percussion drums": [
        "Tunisian"
    ],
    "c\u00fcmb\u00fc\u015f": [
        "Turkish"
    ],
    "ba\u011flama": [
        "Turkish"
    ],
    "bandurka": [
        "Ukrainian"
    ],
    "guslya": [
        "Ukrainian"
    ],
    "trembita": [
        "Ukrainian"
    ],
    "dulc": [
        "Ukrainian"
    ],
    "kobza": [
        "Ukrainian"
    ],
    "guslyany": [
        "Ukrainian"
    ],
    "garmashka": [
        "Ukrainian"
    ],
    "electric guitars": [
        "American"
    ],
    "tapshirak": [
        "Uzbek"
    ],
    "dombuka": [
        "Uzbek"
    ],
    "sorna": [
        "Uzbek"
    ],
    "rubob": [
        "Uzbek"
    ],
    "dutor": [
        "Uzbek"
    ],
    "toira": [
        "Uzbek"
    ],
    "syahnaiz": [
        "Uzbek"
    ],
    "instrument": [
        "Venezuelan"
    ],
    "canto": [
        "Venezuelan"
    ],
    "g\u00fcichara": [
        "Venezuelan"
    ],
    "bua": [
        "Vietnamese"
    ],
    "\u0111\u00e0n tranh": [
        "Vietnamese"
    ],
    "dan bau": [
        "Vietnamese"
    ],
    "ranat": [
        "Vietnamese"
    ],
    "sao": [
        "Vietnamese"
    ],
    "gamela": [
        "Vietnamese"
    ],
    "\u0111\u00e0n b\u1ea7u": [
        "Vietnamese"
    ],
    "dan tranh": [
        "Vietnamese"
    ],
    "tranh": [
        "Vietnamese"
    ],
    "qanbus": [
        "Yemenis"
    ],
    "tanb\u016bra": [
        "Yemenis"
    ],
    "dafo": [
        "Yemenis"
    ],
    "qanuun": [
        "Yemenis"
    ],
    "thumb piano": [
        "Zambian",
        "Zimbabwean"
    ],
    "chitengea": [
        "Zambian"
    ],
    "african flute": [
        "Zambian"
    ],
    "likembe": [
        "Zambian"
    ],
    "nhare": [
        "Zimbabwean"
    ],
    "saza": [
        "Zimbabwean"
    ],
    "mhande": [
        "Zimbabwean"
    ],
    "mhira": [
        "Zimbabwean"
    ],
    "hosho": [
        "Zimbabwean"
    ]
}