{
    "aerobic exercise": [
        "Algerian",
        "Armenian",
        "Bangladeshi",
        "Croatian",
        "Ecuadorian",
        "Ethiopian",
        "Lithuanian",
        "Maldivian",
        "Peruvian",
        "Slovakian",
        "Thai",
        "Trinbagonian",
        "Vietnamese",
        "Zimbabwean"
    ],
    "savate": [
        "Algerian"
    ],
    "pushups": [
        "Algerian",
        "Armenian",
        "Azerbaijani",
        "Cypriot",
        "Guatemalan",
        "Haitian",
        "Kyrgyz",
        "Latvian",
        "Maldivian",
        "Montenegrin",
        "New Zealander",
        "Peruvian",
        "Slovakian",
        "Ukrainian"
    ],
    "swimming": [
        "Algerian",
        "Azerbaijani",
        "Bangladeshi",
        "Belarusian",
        "Brazilian",
        "Egyptian",
        "Ethiopian",
        "Guatemalan",
        "Haitian",
        "Kyrgyz",
        "Latvian",
        "Lithuanian",
        "Maldivian",
        "Myanmari",
        "New Zealander",
        "Nicaraguan",
        "Macedonian",
        "Peruvian",
        "Filipino",
        "Trinbagonian",
        "Tunisian",
        "Venezuelan",
        "Zimbabwean"
    ],
    "jogging": [
        "Algerian",
        "Azerbaijani",
        "Bangladeshi",
        "Belarusian",
        "Bosnian",
        "Croatian",
        "Cypriot",
        "Ecuadorian",
        "Ethiopian",
        "Ghanaian",
        "Guatemalan",
        "Haitian",
        "Kuwaiti",
        "Kyrgyz",
        "Latvian",
        "Lithuanian",
        "Maldivian",
        "Mongolian",
        "Montenegrin",
        "New Zealander",
        "Nicaraguan",
        "Nigerian",
        "Macedonian",
        "Pakistani",
        "Peruvian",
        "Filipino",
        "Puertorrique\u00f1o",
        "Slovakian",
        "Trinbagonian",
        "Tunisian",
        "Uzbek",
        "Venezuelan",
        "Vietnamese",
        "Zimbabwean"
    ],
    "martial artsstyle": [
        "Algerian"
    ],
    "walking": [
        "Algerian",
        "Bangladeshi",
        "Belarusian",
        "Cypriot",
        "Ethiopian",
        "Ghanaian",
        "Guatemalan",
        "Haitian",
        "Kuwaiti",
        "Kyrgyz",
        "Latvian",
        "Maldivian",
        "New Zealander",
        "Pakistani",
        "Peruvian",
        "Puertorrique\u00f1o",
        "Romanian",
        "Rwandan",
        "Trinbagonian",
        "Tunisian",
        "Uzbek",
        "Venezuelan",
        "Vietnamese",
        "Zambian"
    ],
    "boxing": [
        "Algerian",
        "Azerbaijani",
        "Bangladeshi",
        "Bosnian",
        "Brazilian",
        "Croatian",
        "Cypriot",
        "Ecuadorian",
        "Ethiopian",
        "Ghanaian",
        "Guatemalan",
        "Haitian",
        "Kyrgyz",
        "Latvian",
        "Lebanese",
        "Lithuanian",
        "Maldivian",
        "Mongolian",
        "Montenegrin",
        "Moroccan",
        "Nicaraguan",
        "Nigerian",
        "Pakistani",
        "Palestinian",
        "Peruvian",
        "Puertorrique\u00f1o",
        "Slovakian",
        "Tajik",
        "Thai",
        "Tunisian",
        "Uzbek",
        "Vietnamese",
        "Zambian",
        "Zimbabwean"
    ],
    "squats": [
        "Algerian",
        "Croatian",
        "Cypriot",
        "Guatemalan",
        "Kuwaiti",
        "Kyrgyz",
        "Latvian",
        "Lithuanian",
        "Pakistani",
        "Puertorrique\u00f1o",
        "Romanian",
        "Slovakian"
    ],
    "bodybuilding exercises": [
        "Algerian"
    ],
    "football": [
        "Algerian",
        "Bosnian",
        "Brazilian",
        "Croatian",
        "Ghanaian",
        "Kuwaiti",
        "Mongolian",
        "Montenegrin",
        "Nicaraguan",
        "Nigerian",
        "Slovakian",
        "Zambian",
        "Zimbabwean"
    ],
    "bodybuilding": [
        "Algerian",
        "Azerbaijani",
        "Belarusian",
        "Brazilian",
        "Bulgarian",
        "Croatian",
        "Cypriot",
        "Ghanaian",
        "Haitian",
        "Kyrgyz",
        "Macedonian",
        "Puertorrique\u00f1o",
        "Trinbagonian",
        "Uzbek"
    ],
    "dance": [
        "Algerian",
        "Azerbaijani",
        "Belarusian",
        "Brazilian",
        "Ecuadorian",
        "Guatemalan",
        "Haitian",
        "Kuwaiti",
        "Lithuanian",
        "Maldivian",
        "Moroccan",
        "Peruvian",
        "Trinbagonian",
        "Uzbek",
        "Zimbabwean"
    ],
    "soccer": [
        "Algerian",
        "Azerbaijani",
        "Bosnian",
        "Brazilian",
        "Croatian",
        "Ecuadorian",
        "Ethiopian",
        "Ghanaian",
        "Guatemalan",
        "Haitian",
        "Kosovar",
        "Kuwaiti",
        "Latvian",
        "Lebanese",
        "Lithuanian",
        "Maldivian",
        "Montenegrin",
        "Moroccan",
        "Nicaraguan",
        "Nigerian",
        "Macedonian",
        "Peruvian",
        "Puertorrique\u00f1o",
        "Qatari",
        "Slovakian",
        "Tajik",
        "Trinbagonian",
        "Tunisian",
        "Uzbek",
        "Venezuelan",
        "Zambian",
        "Zimbabwean"
    ],
    "running": [
        "Algerian",
        "Azerbaijani",
        "Belarusian",
        "Brazilian",
        "Croatian",
        "Cypriot",
        "Ecuadorian",
        "Ethiopian",
        "Ghanaian",
        "Guatemalan",
        "Haitian",
        "Kenyan",
        "Kuwaiti",
        "Kyrgyz",
        "Latvian",
        "Lebanese",
        "Lithuanian",
        "Maldivian",
        "Mongolian",
        "Montenegrin",
        "Moroccan",
        "New Zealander",
        "Nicaraguan",
        "Palestinian",
        "Peruvian",
        "Puertorrique\u00f1o",
        "Rwandan",
        "Tajik",
        "Trinbagonian",
        "Uzbek",
        "Venezuelan",
        "Zambian",
        "Zimbabwean"
    ],
    "routines": [
        "Algerian"
    ],
    "goes to the gym": [
        "Algerian",
        "Azerbaijani",
        "Bosnian",
        "Brazilian",
        "Cypriot",
        "Ecuadorian",
        "Ethiopian",
        "Kuwaiti",
        "Lebanese",
        "Nicaraguan",
        "Puertorrique\u00f1o",
        "Trinbagonian",
        "Uzbek",
        "Venezuelan"
    ],
    "gymnastics": [
        "Algerian",
        "Armenian",
        "Azerbaijani",
        "Belarusian",
        "Bulgarian",
        "Chinese",
        "Hungarian",
        "Iranian",
        "Kyrgyz",
        "Latvian",
        "Lithuanian",
        "Mongolian",
        "Montenegrin",
        "New Zealander",
        "Nigerian",
        "Romanian",
        "Slovakian",
        "Ukrainian",
        "Venezuelan",
        "Zimbabwean"
    ],
    "muscle training": [
        "Algerian"
    ],
    "gym": [
        "Algerian",
        "Belarusian",
        "Brazilian",
        "Cypriot",
        "Icelander",
        "Kosovar",
        "Kuwaiti",
        "Latvian",
        "Lithuanian",
        "New Zealander",
        "Pakistani",
        "Palestinian",
        "Puertorrique\u00f1o",
        "Slovakian",
        "Tajik",
        "Zimbabwean"
    ],
    "basketball": [
        "Algerian",
        "Belarusian",
        "Bosnian",
        "Brazilian",
        "Croatian",
        "Ethiopian",
        "Ghanaian",
        "Guatemalan",
        "Kuwaiti",
        "Kyrgyz",
        "Latvian",
        "Lithuanian",
        "Montenegrin",
        "New Zealander",
        "Nicaraguan",
        "Nigerian",
        "Macedonian",
        "Pakistani",
        "Palestinian",
        "Filipino",
        "Puertorrique\u00f1o",
        "Rwandan",
        "Slovakian",
        "Trinbagonian",
        "Uzbek",
        "Zambian"
    ],
    "workout routine": [
        "Algerian",
        "Ecuadorian"
    ],
    "judo": [
        "Algerian",
        "Azerbaijani",
        "Belarusian",
        "Bosnian",
        "Brazilian",
        "Cypriot",
        "Ecuadorian",
        "Ethiopian",
        "Guatemalan",
        "Haitian",
        "Hungarian",
        "Iranian",
        "Japanese",
        "Kyrgyz",
        "Latvian",
        "Lithuanian",
        "Maldivian",
        "Mongolian",
        "Montenegrin",
        "New Zealander",
        "Macedonian",
        "Peruvian",
        "Filipino",
        "Puertorrique\u00f1o",
        "Tajik",
        "Tunisian",
        "Uzbek",
        "Venezuelan"
    ],
    "mixed martial arts": [
        "Argentine",
        "Bosnian",
        "Montenegrin",
        "Serbian"
    ],
    "brazilian jiu jitsu": [
        "Argentine",
        "Chilean",
        "Nicaraguan",
        "Venezuelan"
    ],
    "krav maga": [
        "Argentine",
        "Bulgarian",
        "Croatian",
        "Hungarian",
        "Latvian",
        "Lithuanian",
        "Serbian",
        "Slovakian",
        "Ukrainian"
    ],
    "brazilian jujitsu": [
        "Argentine",
        "Colombian"
    ],
    "tango": [
        "Argentine",
        "Chilean",
        "Puertorrique\u00f1o"
    ],
    "jiujitsu": [
        "Argentine",
        "Azerbaijani",
        "Bosnian",
        "Brazilian",
        "Bulgarian",
        "Ecuadorian",
        "Ethiopian",
        "Guatemalan",
        "Haitian",
        "Hungarian",
        "Iranian",
        "Kuwaiti",
        "Lebanese",
        "Malaysian",
        "Maldivian",
        "Mongolian",
        "Montenegrin",
        "Moroccan",
        "Nigerian",
        "Peruvian",
        "Filipino",
        "Puertorrique\u00f1o",
        "Romanian",
        "Tajik",
        "Ukrainian",
        "Uzbek",
        "Venezuelan",
        "Vietnamese"
    ],
    "jiu jitsu": [
        "Argentine",
        "Belarusian",
        "Brazilian",
        "Croatian",
        "Dominican",
        "Ecuadorian",
        "Haitian",
        "Japanese",
        "Lebanese",
        "Lithuanian",
        "Nicaraguan",
        "Nigerian",
        "Pakistani",
        "Palestinian",
        "Romanian",
        "Tunisian",
        "Ukrainian",
        "Uzbek",
        "Venezuelan"
    ],
    "weight lifting": [
        "Armenian",
        "Azerbaijani",
        "Bangladeshi",
        "Belarusian",
        "Bosnian",
        "Brazilian",
        "Croatian",
        "Cypriot",
        "Ecuadorian",
        "Ethiopian",
        "Ghanaian",
        "Guatemalan",
        "Haitian",
        "Kuwaiti",
        "Kyrgyz",
        "Latvian",
        "Lithuanian",
        "Maldivian",
        "Mongolian",
        "New Zealander",
        "Nicaraguan",
        "Macedonian",
        "Palestinian",
        "Peruvian",
        "Filipino",
        "Puertorrique\u00f1o",
        "Romanian",
        "Tajik",
        "Trinbagonian",
        "Venezuelan",
        "Vietnamese",
        "Zimbabwean"
    ],
    "tai chi": [
        "Armenian",
        "Azerbaijani",
        "Brazilian",
        "Cypriot",
        "Chinese",
        "Ecuadorian",
        "Ghanaian",
        "Guatemalan",
        "Japanese",
        "Kuwaiti",
        "Kyrgyz",
        "Latvian",
        "Lebanese",
        "Lithuanian",
        "Malaysian",
        "Mongolian",
        "Montenegrin",
        "Moroccan",
        "New Zealander",
        "Macedonian",
        "Pakistani",
        "Palestinian",
        "Peruvian",
        "Filipino",
        "Slovakian",
        "Taiwanese",
        "Thai",
        "Tunisian",
        "Venezuelan",
        "Vietnamese",
        "Zimbabwean"
    ],
    "tae bo": [
        "Armenian",
        "Vietnamese"
    ],
    "physical fitness": [
        "Armenian",
        "Ecuadorian"
    ],
    "weightlifting": [
        "Armenian",
        "Azerbaijani",
        "Bangladeshi",
        "Belarusian",
        "Brazilian",
        "Bulgarian",
        "Ghanaian",
        "Kyrgyz",
        "Latvian",
        "Lebanese",
        "Lithuanian",
        "Maldivian",
        "Mongolian",
        "Montenegrin",
        "Moroccan",
        "New Zealander",
        "Macedonian",
        "Romanian",
        "Trinbagonian",
        "Tunisian",
        "Ukrainian",
        "Uzbek",
        "Venezuelan",
        "Zimbabwean"
    ],
    "ritualistic exercise": [
        "Armenian"
    ],
    "yoga": [
        "Armenian",
        "Azerbaijani",
        "Bangladeshi",
        "Bosnian",
        "Brazilian",
        "Croatian",
        "Cypriot",
        "Ecuadorian",
        "Egyptian",
        "Ethiopian",
        "Ghanaian",
        "Guatemalan",
        "Haitian",
        "Indian",
        "Iranian",
        "Kuwaiti",
        "Kyrgyz",
        "Latvian",
        "Lebanese",
        "Lithuanian",
        "Maldivian",
        "Mongolian",
        "Montenegrin",
        "Moroccan",
        "New Zealander",
        "Nicaraguan",
        "Macedonian",
        "Pakistani",
        "Palestinian",
        "Peruvian",
        "Filipino",
        "Rwandan",
        "Slovakian",
        "Thai",
        "Trinbagonian",
        "Tunisian",
        "Ukrainian",
        "Uzbek",
        "Venezuelan",
        "Vietnamese",
        "Zimbabwean"
    ],
    "calisthenics": [
        "Armenian",
        "Belarusian",
        "Bosnian",
        "Bulgarian",
        "Croatian",
        "Ecuadorian",
        "Ethiopian",
        "Ghanaian",
        "Guatemalan",
        "Haitian",
        "Hungarian",
        "Iranian",
        "Mongolian",
        "Montenegrin",
        "Moroccan",
        "Nicaraguan",
        "Palestinian",
        "Filipino",
        "Puertorrique\u00f1o",
        "Romanian",
        "Thai",
        "Trinbagonian",
        "Venezuelan"
    ],
    "calisthenic movements": [
        "Armenian"
    ],
    "luge": [
        "Austrian"
    ],
    "skiing": [
        "Austrian",
        "Belarusian",
        "Icelander",
        "Lithuanian",
        "Slovakian"
    ],
    "runs": [
        "Azerbaijani",
        "Belarusian",
        "Ecuadorian",
        "Haitian",
        "Latvian",
        "Lebanese",
        "Montenegrin",
        "New Zealander",
        "Nicaraguan",
        "Macedonian",
        "Peruvian",
        "Puertorrique\u00f1o",
        "Qatari",
        "Tajik",
        "Trinbagonian",
        "Uzbek",
        "Venezuelan",
        "Zimbabwean"
    ],
    "situps": [
        "Azerbaijani",
        "Guatemalan",
        "Kuwaiti",
        "Latvian",
        "Maldivian"
    ],
    "lifts": [
        "Azerbaijani",
        "Slovakian"
    ],
    "jui jitsu": [
        "Azerbaijani",
        "Iranian"
    ],
    "martial arts": [
        "Azerbaijani",
        "Bangladeshi",
        "Belarusian",
        "Bosnian",
        "Brazilian",
        "Croatian",
        "Cypriot",
        "Chinese",
        "Ecuadorian",
        "Ethiopian",
        "Ghanaian",
        "Guatemalan",
        "Haitian",
        "Indonesian",
        "Iranian",
        "Japanese",
        "Kuwaiti",
        "Kyrgyz",
        "Latvian",
        "Lebanese",
        "Lithuanian",
        "Malaysian",
        "Maldivian",
        "Mongolian",
        "Montenegrin",
        "New Zealander",
        "Nicaraguan",
        "Nigerian",
        "Macedonian",
        "Pakistani",
        "Palestinian",
        "Peruvian",
        "Filipino",
        "Puertorrique\u00f1o",
        "Slovakian",
        "Taiwanese",
        "Tajik",
        "Thai",
        "Trinbagonian",
        "Tunisian",
        "Uzbek",
        "Venezuelan",
        "Vietnamese",
        "Zimbabwean"
    ],
    "meditation": [
        "Azerbaijani",
        "Bangladeshi",
        "Bosnian",
        "Brazilian",
        "Croatian",
        "Cypriot",
        "Ecuadorian",
        "Egyptian",
        "Ethiopian",
        "Haitian",
        "Iranian",
        "Latvian",
        "Lebanese",
        "Lithuanian",
        "Malaysian",
        "Maldivian",
        "Mongolian",
        "Montenegrin",
        "Moroccan",
        "New Zealander",
        "Nicaraguan",
        "Macedonian",
        "Pakistani",
        "Peruvian",
        "Filipino",
        "Rwandan",
        "Serbian",
        "Slovakian",
        "Thai",
        "Uzbek",
        "Venezuelan",
        "Zambian",
        "Zimbabwean"
    ],
    "training": [
        "Azerbaijani"
    ],
    "sport": [
        "Azerbaijani",
        "Belarusian",
        "Cypriot",
        "Lithuanian"
    ],
    "strength training": [
        "Azerbaijani",
        "Bulgarian",
        "Cypriot",
        "Ecuadorian",
        "Haitian",
        "Iranian",
        "Kuwaiti",
        "Latvian",
        "Lebanese",
        "Nicaraguan",
        "Pakistani",
        "Filipino",
        "Rwandan",
        "Slovakian",
        "Tunisian",
        "Uzbek",
        "Venezuelan",
        "Zimbabwean"
    ],
    "karate": [
        "Azerbaijani",
        "Belarusian",
        "Bosnian",
        "Brazilian",
        "Croatian",
        "Cypriot",
        "Ecuadorian",
        "Ethiopian",
        "Ghanaian",
        "Guatemalan",
        "Haitian",
        "Iranian",
        "Japanese",
        "Kyrgyz",
        "Lebanese",
        "Maldivian",
        "Mongolian",
        "Montenegrin",
        "Moroccan",
        "New Zealander",
        "Nicaraguan",
        "Macedonian",
        "Pakistani",
        "Peruvian",
        "Filipino",
        "Puertorrique\u00f1o",
        "Slovakian",
        "Taiwanese",
        "Tajik",
        "Thai",
        "Trinbagonian",
        "Tunisian",
        "Uzbek",
        "Vietnamese",
        "Zimbabwean"
    ],
    "stretching": [
        "Azerbaijani",
        "Bangladeshi",
        "Croatian",
        "Cypriot",
        "Guatemalan",
        "Kuwaiti",
        "Lebanese",
        "Maldivian",
        "Mongolian",
        "Nicaraguan",
        "Pakistani",
        "Palestinian",
        "Peruvian",
        "Slovakian",
        "Thai",
        "Trinbagonian",
        "Tunisian",
        "Venezuelan",
        "Zimbabwean"
    ],
    "crunches": [
        "Azerbaijani",
        "Kuwaiti",
        "New Zealander",
        "Palestinian",
        "Puertorrique\u00f1o",
        "Ukrainian"
    ],
    "sports": [
        "Azerbaijani",
        "Belarusian",
        "Ecuadorian",
        "Kuwaiti",
        "Lebanese",
        "Mongolian",
        "Moroccan",
        "Palestinian",
        "Trinbagonian",
        "Zimbabwean"
    ],
    "martial art": [
        "Azerbaijani",
        "Bosnian",
        "Croatian",
        "Chinese",
        "Ecuadorian",
        "Ethiopian",
        "Haitian",
        "Hong Konger",
        "Indonesian",
        "Japanese",
        "Kyrgyz",
        "Latvian",
        "Lithuanian",
        "Malaysian",
        "Montenegrin",
        "Moroccan",
        "Nicaraguan",
        "Nigerian",
        "Pakistani",
        "Filipino",
        "Slovakian",
        "Taiwanese",
        "Tajik",
        "Thai",
        "Tunisian",
        "Uzbek",
        "Venezuelan",
        "Vietnamese"
    ],
    "aerobic fitness": [
        "Azerbaijani",
        "New Zealander"
    ],
    "bajan workout": [
        "Azerbaijani"
    ],
    "weight training": [
        "Azerbaijani",
        "Bangladeshi",
        "Belarusian",
        "Bosnian",
        "Croatian",
        "Haitian",
        "Latvian",
        "Maldivian",
        "Mongolian",
        "New Zealander",
        "Palestinian",
        "Slovakian",
        "Venezuelan"
    ],
    "ballet": [
        "Azerbaijani",
        "Guatemalan",
        "Lithuanian"
    ],
    "aikido": [
        "Azerbaijani",
        "Croatian",
        "Indonesian",
        "Iranian",
        "Japanese",
        "Kyrgyz",
        "Mongolian",
        "Montenegrin",
        "Ukrainian"
    ],
    "the rope": [
        "Azerbaijani"
    ],
    "taichitong": [
        "Azerbaijani"
    ],
    "bike ride": [
        "Azerbaijani",
        "Cypriot"
    ],
    "mma": [
        "Azerbaijani",
        "Maldivian",
        "Moroccan",
        "Thai"
    ],
    "kickboxing": [
        "Azerbaijani",
        "Belarusian",
        "Brazilian",
        "Croatian",
        "Dominican",
        "Ecuadorian",
        "Kuwaiti",
        "Moroccan",
        "Nicaraguan",
        "Nigerian",
        "Peruvian",
        "Puertorrique\u00f1o",
        "Thai",
        "Uzbek",
        "Venezuelan",
        "Vietnamese",
        "Zimbabwean"
    ],
    "taekwondo": [
        "Azerbaijani",
        "Bangladeshi",
        "Bosnian",
        "Cypriot",
        "Chinese",
        "Ecuadorian",
        "Haitian",
        "Indonesian",
        "Kuwaiti",
        "Kyrgyz",
        "Malaysian",
        "Maldivian",
        "New Zealander",
        "Pakistani",
        "Palestinian",
        "Filipino",
        "Korean",
        "Taiwanese",
        "Tajik",
        "Tunisian",
        "Venezuelan",
        "Vietnamese"
    ],
    "swims": [
        "Azerbaijani",
        "Bosnian",
        "Cypriot",
        "Ecuadorian",
        "Lebanese",
        "Mongolian",
        "Nicaraguan",
        "Macedonian",
        "Pakistani",
        "Zimbabwean"
    ],
    "kok boru": [
        "Azerbaijani"
    ],
    "jogs": [
        "Azerbaijani",
        "Brazilian",
        "Cypriot",
        "Ghanaian",
        "Peruvian",
        "Trinbagonian"
    ],
    "wrestling": [
        "Azerbaijani",
        "Bulgarian",
        "Haitian",
        "Iranian",
        "Kyrgyz",
        "Lebanese",
        "Mongolian",
        "Nigerian",
        "Palestinian",
        "Uzbek",
        "Vietnamese"
    ],
    "zumba": [
        "Bangladeshi",
        "Colombian",
        "Cypriot",
        "Dominican",
        "Ecuadorian",
        "Ghanaian",
        "Guatemalan",
        "Haitian",
        "Lebanese",
        "Montenegrin",
        "Nicaraguan",
        "Palestinian",
        "Peruvian",
        "Puertorrique\u00f1o",
        "Tajik",
        "Zambian",
        "Zimbabwean"
    ],
    "cardio exercise": [
        "Bangladeshi",
        "Cypriot",
        "Nicaraguan"
    ],
    "kick boxing": [
        "Bangladeshi",
        "Brazilian",
        "Croatian",
        "Ecuadorian",
        "Haitian",
        "Zimbabwean"
    ],
    "cardio exercises": [
        "Bangladeshi",
        "Bosnian",
        "Cypriot"
    ],
    "strength and endurance training": [
        "Bangladeshi"
    ],
    "pilates": [
        "Bangladeshi",
        "Belarusian",
        "Bosnian",
        "Brazilian",
        "Croatian",
        "Cypriot",
        "Ecuadorian",
        "Egyptian",
        "Ethiopian",
        "Guatemalan",
        "Haitian",
        "Kuwaiti",
        "Kyrgyz",
        "Latvian",
        "Lebanese",
        "Lithuanian",
        "Maldivian",
        "Montenegrin",
        "Moroccan",
        "New Zealander",
        "Nicaraguan",
        "Macedonian",
        "Pakistani",
        "Peruvian",
        "Filipino",
        "Puertorrique\u00f1o",
        "Romanian",
        "Slovakian",
        "Trinbagonian",
        "Ukrainian",
        "Uzbek",
        "Venezuelan",
        "Vietnamese",
        "Zimbabwean"
    ],
    "cardio": [
        "Bangladeshi",
        "Belarusian",
        "Croatian",
        "Cypriot",
        "Ecuadorian",
        "Ethiopian",
        "Ghanaian",
        "Guatemalan",
        "Haitian",
        "Kuwaiti",
        "Lebanese",
        "Lithuanian",
        "Maldivian",
        "Mongolian",
        "Montenegrin",
        "Moroccan",
        "Nicaraguan",
        "Pakistani",
        "Peruvian",
        "Filipino",
        "Puertorrique\u00f1o",
        "Romanian",
        "Slovakian",
        "Trinbagonian",
        "Tunisian",
        "Venezuelan"
    ],
    "stretches": [
        "Bangladeshi",
        "Lebanese"
    ],
    "qi gong": [
        "Bangladeshi",
        "Chinese"
    ],
    "taijiquan": [
        "Bangladeshi",
        "Hong Konger",
        "Malaysian"
    ],
    "islamic exercises": [
        "Bangladeshi",
        "Kuwaiti",
        "Pakistani"
    ],
    "exercises": [
        "Bangladeshi",
        "Ghanaian",
        "Lebanese",
        "Mongolian",
        "Slovakian",
        "Zimbabwean"
    ],
    "russian exercises": [
        "Belarusian"
    ],
    "gyming": [
        "Belarusian",
        "Zimbabwean"
    ],
    "aerobics": [
        "Belarusian",
        "Brazilian",
        "Croatian",
        "Cypriot",
        "Ecuadorian",
        "Ethiopian",
        "Ghanaian",
        "Guatemalan",
        "Haitian",
        "Iranian",
        "Kuwaiti",
        "Latvian",
        "Lebanese",
        "Lithuanian",
        "Mongolian",
        "Montenegrin",
        "New Zealander",
        "Nicaraguan",
        "Macedonian",
        "Peruvian",
        "Puertorrique\u00f1o",
        "Slovakian",
        "Thai",
        "Trinbagonian",
        "Tunisian",
        "Uzbek",
        "Venezuelan",
        "Vietnamese",
        "Zambian",
        "Zimbabwean"
    ],
    "weight training routines": [
        "Belarusian"
    ],
    "crossfit": [
        "Belarusian",
        "Brazilian",
        "Ethiopian",
        "Haitian",
        "Latvian",
        "Lithuanian",
        "Montenegrin",
        "Nicaraguan",
        "Macedonian",
        "Romanian",
        "Slovakian"
    ],
    "jumping": [
        "Belarusian",
        "Ethiopian",
        "Ghanaian",
        "Kyrgyz",
        "Lithuanian",
        "Qatari",
        "Rwandan",
        "Zambian"
    ],
    "powerlifting": [
        "Belarusian",
        "Bulgarian",
        "Puertorrique\u00f1o"
    ],
    "fitness": [
        "Belarusian",
        "Ghanaian",
        "Macedonian",
        "Rwandan",
        "Venezuelan"
    ],
    "body building": [
        "Belarusian",
        "Cypriot",
        "Ghanaian",
        "Lithuanian",
        "Romanian"
    ],
    "strengthtraining": [
        "Belarusian"
    ],
    "a form of aerobics": [
        "Belarusian"
    ],
    "russian": [
        "Belarusian"
    ],
    "cycling": [
        "Belarusian",
        "Croatian",
        "Ethiopian",
        "Kyrgyz",
        "Maldivian",
        "New Zealander",
        "Peruvian",
        "Rwandan",
        "Slovakian",
        "Trinbagonian",
        "Uzbek",
        "Zimbabwean"
    ],
    "bicycling": [
        "Belgian",
        "Trinbagonian"
    ],
    "south american dance": [
        "Bolivian"
    ],
    "works out": [
        "Bosnian"
    ],
    "sufism": [
        "Bosnian"
    ],
    "folk dance": [
        "Bosnian",
        "Macedonian"
    ],
    "kicking": [
        "Bosnian",
        "Lithuanian"
    ],
    "racquetball": [
        "Bosnian",
        "Moroccan"
    ],
    "tae boxing": [
        "Bosnian"
    ],
    "lifting weights": [
        "Bosnian",
        "Brazilian",
        "Kyrgyz",
        "Mongolian",
        "Montenegrin",
        "Venezuelan"
    ],
    "long walks": [
        "Bosnian",
        "New Zealander"
    ],
    "cossack shuffle": [
        "Bosnian"
    ],
    "body weight exercises": [
        "Brazilian",
        "Dane",
        "Ghanaian",
        "Iranian",
        "Lebanese",
        "New Zealander",
        "Romanian",
        "Thai"
    ],
    "in a gym": [
        "Brazilian",
        "Ghanaian"
    ],
    "muay thai": [
        "Brazilian",
        "Dominican",
        "Ecuadorian",
        "Indonesian",
        "Kyrgyz",
        "Lebanese",
        "Malaysian",
        "Maldivian",
        "Montenegrin",
        "Moroccan",
        "Nicaraguan",
        "Peruvian",
        "Taiwanese",
        "Tajik",
        "Thai",
        "Tunisian",
        "Venezuelan",
        "Vietnamese"
    ],
    "samba": [
        "Brazilian"
    ],
    "home workout": [
        "Brazilian"
    ],
    "kung fu": [
        "Brazilian",
        "Croatian",
        "Cypriot",
        "Chinese",
        "Ecuadorian",
        "Ghanaian",
        "Guatemalan",
        "Haitian",
        "Hong Konger",
        "Iranian",
        "Kyrgyz",
        "Latvian",
        "Lithuanian",
        "Malaysian",
        "Mongolian",
        "Macedonian",
        "Peruvian",
        "Filipino",
        "Slovakian",
        "Taiwanese",
        "Thai",
        "Venezuelan",
        "Vietnamese"
    ],
    "volleyball": [
        "Brazilian",
        "Croatian",
        "Ecuadorian",
        "Pakistani",
        "Serbian",
        "Zimbabwean"
    ],
    "juijitsu": [
        "Brazilian",
        "Mongolian"
    ],
    "bikram yoga": [
        "Brazilian",
        "Indian"
    ],
    "sparring": [
        "Brazilian"
    ],
    "at the gym": [
        "Brazilian",
        "Thai",
        "Tunisian",
        "Zimbabwean"
    ],
    "cardio workout": [
        "Brazilian",
        "Vietnamese"
    ],
    "sprinting": [
        "Brazilian",
        "Croatian",
        "Ethiopian",
        "Ghanaian",
        "Guatemalan",
        "Haitian",
        "Kenyan",
        "Trinbagonian",
        "Uzbek",
        "Zimbabwean"
    ],
    "cardiovascular workouts": [
        "Brazilian"
    ],
    "capoeira": [
        "Brazilian",
        "Colombian",
        "Ecuadorian",
        "Guatemalan",
        "Haitian",
        "Nicaraguan",
        "Peruvian",
        "Puertorrique\u00f1o"
    ],
    "gymnastic routines": [
        "Brazilian"
    ],
    "dance moves": [
        "Brazilian"
    ],
    "body building exercises": [
        "Brazilian"
    ],
    "kettlebells": [
        "Bulgarian"
    ],
    "armwrestling": [
        "Bulgarian"
    ],
    "ice hockey": [
        "Canadian",
        "Icelander"
    ],
    "brazilian jiujitsu": [
        "Colombian",
        "Chilean",
        "Ecuadorian",
        "Moroccan",
        "Peruvian",
        "Venezuelan"
    ],
    "walking their dog": [
        "Croatian"
    ],
    "hatha yoga": [
        "Croatian",
        "Indian",
        "Macedonian"
    ],
    "walks": [
        "Croatian",
        "Cypriot",
        "Pakistani",
        "Trinbagonian",
        "Tunisian",
        "Zimbabwean"
    ],
    "rides their bike": [
        "Croatian"
    ],
    "workout that includes jumping": [
        "Croatian"
    ],
    "tennis": [
        "Croatian",
        "Cypriot",
        "Kuwaiti",
        "Latvian",
        "New Zealander",
        "Slovakian",
        "Trinbagonian",
        "Tunisian",
        "Venezuelan"
    ],
    "strength": [
        "Croatian"
    ],
    "treadmill": [
        "Croatian",
        "Lebanese",
        "Maldivian"
    ],
    "intensive exercise": [
        "Croatian"
    ],
    "athletic dance": [
        "Croatian"
    ],
    "exercise": [
        "Croatian",
        "Ecuadorian",
        "Guatemalan",
        "Moroccan",
        "Pakistani",
        "Slovakian"
    ],
    "to the grocery store": [
        "Croatian"
    ],
    "handball": [
        "Croatian",
        "Montenegrin"
    ],
    "kendo": [
        "Croatian",
        "Japanese"
    ],
    "resistance training": [
        "Croatian"
    ],
    "martial": [
        "Cypriot",
        "Zambian"
    ],
    "gym workouts": [
        "Cypriot"
    ],
    "walks in the park": [
        "Cypriot"
    ],
    "stretching exercises": [
        "Cypriot",
        "Ghanaian",
        "New Zealander",
        "Slovakian",
        "Taiwanese",
        "Zimbabwean"
    ],
    "going to the gym": [
        "Cypriot"
    ],
    "cardiovascular exercises": [
        "Cypriot",
        "Ghanaian",
        "Guatemalan",
        "Tunisian",
        "Venezuelan"
    ],
    "balancing": [
        "Cypriot",
        "Maldivian"
    ],
    "kali": [
        "Cypriot",
        "Filipino"
    ],
    "bike rides": [
        "Cypriot"
    ],
    "resistance": [
        "Cypriot",
        "Lebanese"
    ],
    "sirtaki dance": [
        "Cypriot"
    ],
    "going for a stroll": [
        "Cypriot"
    ],
    "run": [
        "Cypriot",
        "Ecuadorian",
        "Lebanese"
    ],
    "exercising on his trampoline": [
        "Cypriot"
    ],
    "intense routine": [
        "Cypriot"
    ],
    "in the gym": [
        "Cypriot"
    ],
    "table tennis": [
        "Chinese"
    ],
    "tai ji quan": [
        "Chinese"
    ],
    "taichi": [
        "Chinese",
        "Ecuadorian",
        "Hong Konger",
        "Iranian",
        "Latvian",
        "Malaysian",
        "Maldivian",
        "Mongolian",
        "Slovakian",
        "Taiwanese",
        "Thai",
        "Tunisian",
        "Vietnamese",
        "Zimbabwean"
    ],
    "taiji": [
        "Chinese",
        "Hong Konger",
        "Lebanese",
        "Moroccan"
    ],
    "qigong": [
        "Chinese",
        "Hong Konger",
        "Kyrgyz",
        "Taiwanese",
        "Tajik"
    ],
    "yogic exercises": [
        "Chinese",
        "Indian"
    ],
    "kungfu": [
        "Chinese",
        "Hong Konger",
        "Latvian",
        "Malaysian",
        "Peruvian",
        "Filipino",
        "Taiwanese",
        "Vietnamese"
    ],
    "tai chi chuan": [
        "Chinese",
        "Ghanaian",
        "Taiwanese"
    ],
    "wushu": [
        "Chinese",
        "Indonesian",
        "Kuwaiti",
        "Pakistani"
    ],
    "qigongs": [
        "Chinese"
    ],
    "wing chun": [
        "Chinese",
        "Hong Konger",
        "Thai"
    ],
    "baseball": [
        "Dominican"
    ],
    "latin": [
        "Dominican"
    ],
    "hip hop dancing": [
        "Dominican"
    ],
    "weights": [
        "Ecuadorian",
        "Ethiopian",
        "Lithuanian",
        "Montenegrin",
        "Nicaraguan",
        "Puertorrique\u00f1o",
        "Tajik",
        "Trinbagonian",
        "Zimbabwean"
    ],
    "goes to a gym": [
        "Ecuadorian",
        "Lebanese",
        "Tajik"
    ],
    "biking": [
        "Ecuadorian",
        "Guatemalan",
        "Latvian",
        "New Zealander",
        "Nicaraguan",
        "Filipino",
        "Rwandan",
        "Venezuelan",
        "Vietnamese"
    ],
    "futbol": [
        "Ecuadorian"
    ],
    "spinning": [
        "Ecuadorian"
    ],
    "body weight exercise": [
        "Ecuadorian"
    ],
    "swims in the ocean": [
        "Ecuadorian"
    ],
    "the gym": [
        "Ecuadorian"
    ],
    "ball game": [
        "Ecuadorian"
    ],
    "riding his bicycle": [
        "Ecuadorian"
    ],
    "exercise routines": [
        "Egyptian"
    ],
    "abdominal exercises": [
        "Egyptian",
        "Guatemalan"
    ],
    "exercises with weights": [
        "Egyptian",
        "Puertorrique\u00f1o"
    ],
    "mediation": [
        "Egyptian"
    ],
    "islamic": [
        "Egyptian",
        "Indonesian",
        "Kosovar",
        "Malaysian",
        "Pakistani",
        "Qatari",
        "Saudi"
    ],
    "yogi": [
        "Egyptian"
    ],
    "salsa": [
        "Salvadoran",
        "Guatemalan",
        "Haitian",
        "Peruvian",
        "Puertorrique\u00f1o",
        "Venezuelan"
    ],
    "sprints": [
        "Ethiopian",
        "Haitian",
        "Kenyan",
        "Lebanese",
        "Peruvian"
    ],
    "long walk": [
        "Ethiopian"
    ],
    "ethnic dance": [
        "Ethiopian"
    ],
    "jumping rope": [
        "Ethiopian",
        "Ghanaian",
        "Rwandan"
    ],
    "sort of martial art": [
        "Ethiopian"
    ],
    "african dance": [
        "Ethiopian",
        "Haitian",
        "Kenyan",
        "Rwandan"
    ],
    "longdistance running": [
        "Ethiopian"
    ],
    "african ritual dances": [
        "Ethiopian"
    ],
    "lezginka": [
        "Georgian"
    ],
    "kettlebell exercises": [
        "Georgian",
        "Latvian",
        "Ukrainian"
    ],
    "body work": [
        "Ghanaian"
    ],
    "cardiovascular exercise": [
        "Ghanaian"
    ],
    "artistry": [
        "Ghanaian"
    ],
    "sit ups": [
        "Ghanaian",
        "Puertorrique\u00f1o",
        "Slovakian"
    ],
    "throwing": [
        "Ghanaian"
    ],
    "lifting": [
        "Ghanaian",
        "Lebanese",
        "Tajik"
    ],
    "catching": [
        "Ghanaian"
    ],
    "greek dance": [
        "Greek"
    ],
    "lifts weights": [
        "Guatemalan",
        "Haitian",
        "Mongolian",
        "Macedonian"
    ],
    "taekwando": [
        "Guatemalan",
        "Indonesian",
        "Korean"
    ],
    "exercise with weights": [
        "Guatemalan"
    ],
    "push ups": [
        "Guatemalan",
        "Puertorrique\u00f1o"
    ],
    "on the beach": [
        "Guatemalan",
        "Lebanese",
        "Nicaraguan"
    ],
    "dancing": [
        "Guatemalan",
        "Haitian",
        "Nicaraguan",
        "Macedonian",
        "Puertorrique\u00f1o",
        "Rwandan",
        "Zambian",
        "Zimbabwean"
    ],
    "track": [
        "Guatemalan",
        "Haitian",
        "Nigerian"
    ],
    "other forms of exercise": [
        "Guatemalan"
    ],
    "meditates": [
        "Guatemalan",
        "Peruvian",
        "Thai"
    ],
    "meditate": [
        "Guatemalan"
    ],
    "salsa dance": [
        "Guatemalan"
    ],
    "hiking": [
        "Guatemalan",
        "New Zealander",
        "Filipino"
    ],
    "balance and flexibility": [
        "Guatemalan"
    ],
    "merengue": [
        "Haitian",
        "Peruvian",
        "Puertorrique\u00f1o"
    ],
    "dance macabre": [
        "Haitian"
    ],
    "cardio fitness": [
        "Haitian"
    ],
    "movement": [
        "Haitian"
    ],
    "religious dance": [
        "Haitian"
    ],
    "mambo": [
        "Haitian"
    ],
    "anaerobic": [
        "Haitian"
    ],
    "kassav dancing": [
        "Haitian"
    ],
    "shadow boxing": [
        "Haitian"
    ],
    "climbing": [
        "Haitian",
        "Iranian",
        "Macedonian"
    ],
    "ceremonial dance": [
        "Haitian"
    ],
    "tae kwon do": [
        "Haitian",
        "Indonesian",
        "Iranian",
        "Lebanese",
        "Malaysian",
        "Korean",
        "Taiwanese",
        "Vietnamese"
    ],
    "aerobic": [
        "Haitian",
        "Lebanese",
        "Puertorrique\u00f1o"
    ],
    "tough mudder fitness": [
        "Haitian"
    ],
    "tasoul": [
        "Haitian"
    ],
    "fast walking": [
        "Haitian"
    ],
    "workout in the gym": [
        "Hong Konger"
    ],
    "jog": [
        "Hong Konger",
        "Myanmari",
        "Trinbagonian"
    ],
    "taiqi": [
        "Hong Konger"
    ],
    "hiit": [
        "Hong Konger",
        "Filipino",
        "Puertorrique\u00f1o",
        "Trinbagonian",
        "Zimbabwean"
    ],
    "tai quan do": [
        "Hong Konger"
    ],
    "tiger claw": [
        "Hong Konger"
    ],
    "taichian": [
        "Hong Konger"
    ],
    "taiqiqun": [
        "Hong Konger"
    ],
    "badminton": [
        "Hong Konger",
        "Indonesian",
        "Kuwaiti",
        "Malaysian"
    ],
    "crosscountry skiing": [
        "Icelander",
        "Slovakian"
    ],
    "marathon": [
        "Icelander",
        "Kenyan"
    ],
    "outdoor sports": [
        "Icelander"
    ],
    "nordic walking": [
        "Icelander",
        "Norwegian"
    ],
    "ashtanga yoga": [
        "Indian"
    ],
    "vinyasa yoga": [
        "Indian"
    ],
    "surya namaskar": [
        "Indian"
    ],
    "varzeshe pahlavani": [
        "Iranian"
    ],
    "intense exercise": [
        "Iranian"
    ],
    "yogi exercises": [
        "Iranian"
    ],
    "zumba exercises": [
        "Iranian"
    ],
    "persian style of exercise": [
        "Iranian"
    ],
    "at home": [
        "Iranian"
    ],
    "daily": [
        "Iraqi"
    ],
    "guinness": [
        "Irish"
    ],
    "hurling": [
        "Irish"
    ],
    "gaelic football": [
        "Irish"
    ],
    "kumdo": [
        "Japanese"
    ],
    "kyokushin karate": [
        "Japanese"
    ],
    "mongol tradition": [
        "Kazakh"
    ],
    "yak herding": [
        "Kazakh"
    ],
    "kokpar": [
        "Kazakh"
    ],
    "for a run": [
        "Kenyan",
        "Macedonian"
    ],
    "track and field": [
        "Kenyan"
    ],
    "triathlon": [
        "Kenyan"
    ],
    "salat prayers": [
        "Kosovar"
    ],
    "long distance running": [
        "Kuwaiti"
    ],
    "cardiovascular": [
        "Kuwaiti",
        "Lebanese"
    ],
    "in the garden": [
        "Kuwaiti"
    ],
    "shooting handguns": [
        "Kuwaiti"
    ],
    "gym exercises": [
        "Kuwaiti"
    ],
    "daily exercises": [
        "Kuwaiti"
    ],
    "salat": [
        "Kuwaiti",
        "Tajik"
    ],
    "that": [
        "Kuwaiti"
    ],
    "horse riding": [
        "Kyrgyz",
        "Mongolian"
    ],
    "lifting heavy weights": [
        "Kyrgyz"
    ],
    "running on the treadmill": [
        "Kyrgyz"
    ],
    "dips": [
        "Kyrgyz"
    ],
    "mountain climbing": [
        "Kyrgyz"
    ],
    "lunges": [
        "Kyrgyz",
        "Puertorrique\u00f1o",
        "Ukrainian"
    ],
    "a martial art": [
        "Kyrgyz",
        "Uzbek"
    ],
    "gymnasticlike exercises": [
        "Kyrgyz"
    ],
    "kokboru": [
        "Kyrgyz"
    ],
    "rugby": [
        "Kyrgyz",
        "Zambian",
        "Zimbabwean"
    ],
    "archery": [
        "Kyrgyz",
        "Mongolian"
    ],
    "rowing": [
        "Latvian"
    ],
    "walks with her dog": [
        "Latvian"
    ],
    "javelin": [
        "Latvian"
    ],
    "yog": [
        "Latvian"
    ],
    "bicycle racing": [
        "Latvian"
    ],
    "power training": [
        "Latvian"
    ],
    "jumping jacks": [
        "Latvian",
        "Puertorrique\u00f1o",
        "Zimbabwean"
    ],
    "kajukenbo": [
        "Lebanese"
    ],
    "high impact cardiovascular activity": [
        "Lebanese"
    ],
    "jama": [
        "Lebanese"
    ],
    "kind of meditative practice": [
        "Lebanese"
    ],
    "800 pushups": [
        "Lebanese"
    ],
    "weightlifting exercises": [
        "Lebanese"
    ],
    "jiujitsu kickboxing": [
        "Lithuanian"
    ],
    "workout": [
        "Lithuanian",
        "Venezuelan"
    ],
    "yoga exercises": [
        "Lithuanian"
    ],
    "with a trainer": [
        "Lithuanian",
        "Romanian"
    ],
    "slavic": [
        "Lithuanian"
    ],
    "yoga meditation": [
        "Malaysian"
    ],
    "taebo": [
        "Malaysian"
    ],
    "silat": [
        "Malaysian"
    ],
    "islamic prayers": [
        "Malaysian"
    ],
    "himalayan exercises": [
        "Malaysian"
    ],
    "his kettlebell": [
        "Maldivian"
    ],
    "th": [
        "Maldivian"
    ],
    "koodu": [
        "Maldivian"
    ],
    "isometrics": [
        "Maldivian"
    ],
    "breathing exercises": [
        "Maldivian",
        "Pakistani"
    ],
    "diving": [
        "Maldivian",
        "Tunisian"
    ],
    "flexibility exercises": [
        "Maldivian"
    ],
    "thura": [
        "Maldivian"
    ],
    "yogastretch": [
        "Maldivian"
    ],
    "snorkeling": [
        "Maldivian"
    ],
    "dhivehi": [
        "Maldivian"
    ],
    "beach soccer": [
        "Maldivian"
    ],
    "at a gym": [
        "Maldivian"
    ],
    "high intensity interval training": [
        "Mongolian",
        "Nicaraguan",
        "Peruvian",
        "Trinbagonian",
        "Vietnamese"
    ],
    "yelling": [
        "Mongolian"
    ],
    "kebab": [
        "Mongolian"
    ],
    "eagle hunting": [
        "Mongolian"
    ],
    "hatha": [
        "Mongolian"
    ],
    "buryat wrestling": [
        "Mongolian"
    ],
    "horseback riding": [
        "Mongolian"
    ],
    "bouncing": [
        "Mongolian"
    ],
    "vinyasa": [
        "Mongolian"
    ],
    "bokator": [
        "Mongolian",
        "Montenegrin"
    ],
    "elliptical": [
        "Mongolian",
        "Nicaraguan"
    ],
    "breathing": [
        "Mongolian"
    ],
    "runs around the block": [
        "Mongolian"
    ],
    "shamanistic ritual dancing": [
        "Mongolian"
    ],
    "exercises in her garden": [
        "Mongolian"
    ],
    "shrugging": [
        "Mongolian"
    ],
    "dances": [
        "Montenegrin"
    ],
    "exercise bike": [
        "Montenegrin",
        "Vietnamese"
    ],
    "mindful walking": [
        "Montenegrin"
    ],
    "shooting": [
        "Montenegrin"
    ],
    "power lifting": [
        "Montenegrin"
    ],
    "morning jog": [
        "Montenegrin"
    ],
    "squash": [
        "Moroccan"
    ],
    "muscle building": [
        "Moroccan"
    ],
    "strength and fitness": [
        "Moroccan"
    ],
    "zum": [
        "Moroccan"
    ],
    "10 squats": [
        "Moroccan"
    ],
    "muay thai boxing": [
        "Moroccan",
        "Tajik"
    ],
    "hiphop": [
        "Moroccan"
    ],
    "lethwei": [
        "Myanmari"
    ],
    "stretching exercise": [
        "Myanmari"
    ],
    "walk": [
        "Myanmari",
        "Nicaraguan",
        "Macedonian",
        "Puertorrique\u00f1o"
    ],
    "trampoline jumping": [
        "New Zealander"
    ],
    "surfing": [
        "New Zealander",
        "South African"
    ],
    "a treadmill": [
        "New Zealander"
    ],
    "a bit of yoga": [
        "New Zealander"
    ],
    "in lakes and rivers": [
        "New Zealander"
    ],
    "golf": [
        "New Zealander"
    ],
    "morning walk": [
        "New Zealander"
    ],
    "cricket": [
        "New Zealander",
        "Trinbagonian"
    ],
    "lifts some weights": [
        "New Zealander"
    ],
    "bootcamp": [
        "Nicaraguan"
    ],
    "routine": [
        "Nicaraguan"
    ],
    "gardening": [
        "Nicaraguan"
    ],
    "gym work out": [
        "Nicaraguan"
    ],
    "a light workout": [
        "Nicaraguan"
    ],
    "shaking of the shoulders": [
        "Nicaraguan"
    ],
    "works": [
        "Nicaraguan",
        "Macedonian",
        "Puertorrique\u00f1o",
        "Zimbabwean"
    ],
    "latin dancing": [
        "Nicaraguan"
    ],
    "jaguar jiu jitsu": [
        "Nicaraguan"
    ],
    "aerobic activities": [
        "Nicaraguan"
    ],
    "daily workout routines": [
        "Nicaraguan"
    ],
    "ping pong": [
        "Nicaraguan"
    ],
    "to the african drums": [
        "Nigerian"
    ],
    "running to the mall": [
        "Nigerian"
    ],
    "african dances": [
        "Nigerian"
    ],
    "african dancing": [
        "Nigerian"
    ],
    "african exercise routines": [
        "Nigerian"
    ],
    "african martial arts": [
        "Nigerian",
        "Rwandan"
    ],
    "classes": [
        "Macedonian"
    ],
    "bulgarian military exercises": [
        "Macedonian"
    ],
    "vardar": [
        "Macedonian"
    ],
    "turkish military exercises": [
        "Macedonian"
    ],
    "kratov": [
        "Macedonian"
    ],
    "ballroom dance": [
        "Macedonian",
        "Romanian"
    ],
    "balkan martial art": [
        "Macedonian"
    ],
    "some other form of": [
        "Macedonian"
    ],
    "military exercises": [
        "Macedonian"
    ],
    "nordic fitness": [
        "Norwegian"
    ],
    "religious exercise": [
        "Pakistani",
        "Palestinian"
    ],
    "muslim": [
        "Pakistani"
    ],
    "gymnastic": [
        "Pakistani",
        "Trinbagonian"
    ],
    "bikes": [
        "Pakistani"
    ],
    "islamic form of exercise": [
        "Palestinian"
    ],
    "daily prayer": [
        "Palestinian"
    ],
    "arabic dances": [
        "Palestinian"
    ],
    "aerobic exercises": [
        "Palestinian",
        "Filipino",
        "Zimbabwean"
    ],
    "parkour": [
        "Palestinian"
    ],
    "pushing a heavy iron": [
        "Palestinian"
    ],
    "pullups": [
        "Peruvian",
        "Slovakian"
    ],
    "kemetic yoga": [
        "Peruvian"
    ],
    "jujitsu": [
        "Peruvian"
    ],
    "natarajasana": [
        "Peruvian"
    ],
    "chunchin": [
        "Peruvian"
    ],
    "rumberango": [
        "Peruvian"
    ],
    "cumbia": [
        "Peruvian"
    ],
    "qoqo": [
        "Peruvian"
    ],
    "candomb\u00e9": [
        "Peruvian"
    ],
    "hola": [
        "Peruvian"
    ],
    "kundalini yoga": [
        "Peruvian"
    ],
    "yama": [
        "Peruvian"
    ],
    "onehanded pushups": [
        "Peruvian"
    ],
    "daily stretching exercises": [
        "Filipino"
    ],
    "highintensity interval training": [
        "Filipino"
    ],
    "weight training exercises": [
        "Filipino"
    ],
    "kali eskrima": [
        "Filipino"
    ],
    "pilipino martial arts": [
        "Filipino"
    ],
    "pole exercise": [
        "Pole"
    ],
    "pole": [
        "Pole"
    ],
    "pole fitness": [
        "Pole"
    ],
    "pole dancing": [
        "Pole"
    ],
    "pole exercises": [
        "Pole"
    ],
    "some type of kicking": [
        "Puertorrique\u00f1o"
    ],
    "manguwangawaga": [
        "Puertorrique\u00f1o"
    ],
    "bachata": [
        "Puertorrique\u00f1o"
    ],
    "working out": [
        "Puertorrique\u00f1o"
    ],
    "mixed fighting": [
        "Puertorrique\u00f1o"
    ],
    "rumbas": [
        "Puertorrique\u00f1o"
    ],
    "aerobic dance": [
        "Puertorrique\u00f1o"
    ],
    "walking his dog": [
        "Puertorrique\u00f1o"
    ],
    "other dances": [
        "Puertorrique\u00f1o"
    ],
    "caribbean exercise routines": [
        "Puertorrique\u00f1o"
    ],
    "muy thai": [
        "Puertorrique\u00f1o",
        "Vietnamese"
    ],
    "salsa dancing": [
        "Puertorrique\u00f1o"
    ],
    "cardiovascular work": [
        "Puertorrique\u00f1o"
    ],
    "leg lifts": [
        "Puertorrique\u00f1o"
    ],
    "prayers": [
        "Qatari",
        "Saudi"
    ],
    "running around the block": [
        "Qatari"
    ],
    "falconry": [
        "Qatari"
    ],
    "eastern european weightlifting": [
        "Romanian"
    ],
    "eastern european exercises": [
        "Romanian"
    ],
    "strength training exercises": [
        "Romanian",
        "Slovakian"
    ],
    "kettlebell swings": [
        "Russian"
    ],
    "bodyweight exercises": [
        "Rwandan",
        "Trinbagonian"
    ],
    "farming": [
        "Rwandan"
    ],
    "working": [
        "Rwandan"
    ],
    "moving stuff around": [
        "Rwandan"
    ],
    "kneeling and prostration": [
        "Saudi"
    ],
    "fasting": [
        "Saudi"
    ],
    "baranjsko": [
        "Serbian"
    ],
    "zoravic": [
        "Serbian"
    ],
    "deadlifts": [
        "Slovakian"
    ],
    "goblet squats": [
        "Slovakian"
    ],
    "cardiorespiratory exercise": [
        "Slovakian"
    ],
    "hungarian bonebreaking": [
        "Slovakian"
    ],
    "extreme sport": [
        "Slovakian"
    ],
    "jump squats": [
        "Slovakian"
    ],
    "planks": [
        "Slovakian"
    ],
    "marathon running": [
        "Slovakian"
    ],
    "weight lifts": [
        "Slovakian"
    ],
    "kettle bell swings": [
        "Slovakian"
    ],
    "russian twists": [
        "Slovakian"
    ],
    "hula hoops": [
        "Slovakian"
    ],
    "on the treadmill": [
        "Slovakian"
    ],
    "kum do": [
        "Korean"
    ],
    "african workout": [
        "South African"
    ],
    "wai tai": [
        "Taiwanese"
    ],
    "t ai chi": [
        "Taiwanese"
    ],
    "tai kwan do": [
        "Taiwanese"
    ],
    "muai thai": [
        "Taiwanese"
    ],
    "islamic forms of exercise": [
        "Tajik"
    ],
    "cycles": [
        "Tajik"
    ],
    "russian forms of exercise": [
        "Tajik"
    ],
    "athletic exercises": [
        "Tajik"
    ],
    "hajj": [
        "Tajik"
    ],
    "ramadan": [
        "Tajik"
    ],
    "exercises his leg muscles": [
        "Tajik"
    ],
    "backflips": [
        "Tajik"
    ],
    "bending": [
        "Thai"
    ],
    "punches": [
        "Thai"
    ],
    "taijustu": [
        "Thai"
    ],
    "muay thai martial arts": [
        "Thai"
    ],
    "kicks": [
        "Thai"
    ],
    "taibo": [
        "Thai"
    ],
    "chutney": [
        "Trinbagonian"
    ],
    "cardio workouts": [
        "Trinbagonian",
        "Venezuelan"
    ],
    "meditations": [
        "Trinbagonian"
    ],
    "physical exercise": [
        "Trinbagonian"
    ],
    "lifting light weights": [
        "Trinbagonian"
    ],
    "weights lifting": [
        "Trinbagonian"
    ],
    "netball": [
        "Trinbagonian"
    ],
    "soca": [
        "Trinbagonian"
    ],
    "kriyayoga": [
        "Trinbagonian"
    ],
    "parang": [
        "Trinbagonian"
    ],
    "walking a mile": [
        "Trinbagonian"
    ],
    "kettle bells": [
        "Trinbagonian"
    ],
    "out": [
        "Tunisian"
    ],
    "praying regularly": [
        "Tunisian"
    ],
    "exercises at the gym": [
        "Tunisian"
    ],
    "arab dance": [
        "Tunisian"
    ],
    "walking her dog": [
        "Ukrainian"
    ],
    "old slavic": [
        "Uzbek"
    ],
    "kettlebell": [
        "Uzbek"
    ],
    "yogabased exercise": [
        "Uzbek"
    ],
    "jump roping": [
        "Uzbek"
    ],
    "tazik": [
        "Uzbek"
    ],
    "for a jog": [
        "Venezuelan"
    ],
    "riding her exercise bike": [
        "Venezuelan"
    ],
    "walks her dog": [
        "Venezuelan"
    ],
    "maria elena": [
        "Venezuelan"
    ],
    "bicy": [
        "Venezuelan"
    ],
    "pull up": [
        "Venezuelan"
    ],
    "gung fu": [
        "Vietnamese"
    ],
    "meditative movements": [
        "Vietnamese"
    ],
    "tai": [
        "Vietnamese"
    ],
    "at the local gym": [
        "Vietnamese"
    ],
    "african folk dancing": [
        "Zambian"
    ],
    "mzungu": [
        "Zambian"
    ],
    "hand clapping": [
        "Zambian"
    ],
    "african folk dances": [
        "Zambian"
    ],
    "foot stomping": [
        "Zambian"
    ],
    "afro fitness": [
        "Zambian"
    ],
    "downward facing dog pose": [
        "Zimbabwean"
    ],
    "drumming": [
        "Zimbabwean"
    ],
    "body pump": [
        "Zimbabwean"
    ],
    "exercising at home": [
        "Zimbabwean"
    ],
    "jumps": [
        "Zimbabwean"
    ]
}