{
    "middle eastern music": [
        "Azerbaijani",
        "Bosnian",
        "Egyptian",
        "Iranian",
        "Iraqi",
        "Jordanian",
        "Kuwaiti",
        "Lebanese",
        "Moroccan",
        "Saudi"
    ],
    "goog": [
        "Azerbaijani"
    ],
    "blues": [
        "Azerbaijani",
        "Georgian",
        "Ghanaian",
        "Hong Konger",
        "Icelander",
        "Luxembourger",
        "Serbian",
        "Slovakian",
        "Zimbabwean"
    ],
    "mana": [
        "Azerbaijani"
    ],
    "iranian music": [
        "Azerbaijani"
    ],
    "hip hop": [
        "Azerbaijani",
        "Belarusian",
        "Bosnian",
        "Cypriot",
        "Ecuadorian",
        "Egyptian",
        "Salvadoran",
        "Ethiopian",
        "Georgian",
        "Ghanaian",
        "Guatemalan",
        "Haitian",
        "Hong Konger",
        "Indonesian",
        "Iraqi",
        "Italian",
        "Jordanian",
        "Kosovar",
        "Kuwaiti",
        "Kyrgyz",
        "Lebanese",
        "Luxembourger",
        "Macanese",
        "Maldivian",
        "Mongolian",
        "Montenegrin",
        "Moroccan",
        "New Zealander",
        "Qatari",
        "Romanian",
        "Rwandan",
        "Saudi",
        "Serbian",
        "Singaporean",
        "Slovene",
        "Swede",
        "Taiwanese",
        "Trinbagonian",
        "Zimbabwean"
    ],
    "music": [
        "Azerbaijani",
        "Bangladeshi",
        "Belarusian",
        "Bosnian",
        "Croatian",
        "Cypriot",
        "Ecuadorian",
        "Egyptian",
        "Salvadoran",
        "Estonian",
        "Ethiopian",
        "Georgian",
        "Ghanaian",
        "Haitian",
        "Hong Konger",
        "Icelander",
        "Indian",
        "Indonesian",
        "Iranian",
        "Iraqi",
        "Irish",
        "Italian",
        "Japanese",
        "Kosovar",
        "Kuwaiti",
        "Kyrgyz",
        "Latvian",
        "Lebanese",
        "Lithuanian",
        "Luxembourger",
        "Macanese",
        "Maldivian",
        "Mongolian",
        "Montenegrin",
        "Moroccan",
        "Myanmari",
        "New Zealander",
        "Nicaraguan",
        "Macedonian",
        "Puertorrique\u00f1o",
        "Qatari",
        "Romanian",
        "Rwandan",
        "Saudi",
        "Serbian",
        "Singaporean",
        "Slovakian",
        "Slovene",
        "South African",
        "Swede",
        "Taiwanese",
        "Tajik",
        "Trinbagonian",
        "Zimbabwean"
    ],
    "turkish music": [
        "Azerbaijani",
        "Bosnian",
        "Cypriot",
        "Kosovar"
    ],
    "rap music": [
        "Azerbaijani",
        "Belarusian",
        "Croatian",
        "Salvadoran",
        "Ethiopian",
        "Georgian",
        "Ghanaian",
        "Haitian",
        "Icelander",
        "Indian",
        "Indonesian",
        "Iraqi",
        "Irish",
        "Italian",
        "Kosovar",
        "Kuwaiti",
        "Kyrgyz",
        "Lebanese",
        "Mongolian",
        "Moroccan",
        "New Zealander",
        "Nicaraguan",
        "Macedonian",
        "Puertorrique\u00f1o",
        "Qatari",
        "Romanian",
        "Rwandan",
        "Saudi",
        "Slovene",
        "South African"
    ],
    "turkic folk music": [
        "Azerbaijani"
    ],
    "rock and roll": [
        "Azerbaijani",
        "Cypriot",
        "Ghanaian",
        "Guatemalan",
        "Icelander",
        "Lithuanian",
        "Luxembourger",
        "Montenegrin",
        "New Zealander",
        "Slovene",
        "Swede"
    ],
    "daddy yankee": [
        "Azerbaijani",
        "Puertorrique\u00f1o"
    ],
    "asian songs": [
        "Azerbaijani",
        "Singaporean"
    ],
    "jazz": [
        "Azerbaijani",
        "Croatian",
        "Estonian",
        "Ethiopian",
        "Georgian",
        "Haitian",
        "Hong Konger",
        "Icelander",
        "Italian",
        "Japanese",
        "Kosovar",
        "Lithuanian",
        "Luxembourger",
        "Macanese",
        "Montenegrin",
        "Myanmari",
        "New Zealander",
        "Macedonian",
        "Romanian",
        "Rwandan",
        "Serbian",
        "Singaporean",
        "Slovakian",
        "Slovene",
        "South African",
        "Swede",
        "Taiwanese",
        "Zimbabwean"
    ],
    "european": [
        "Azerbaijani",
        "Lithuanian",
        "South African"
    ],
    "mugham": [
        "Azerbaijani"
    ],
    "riza": [
        "Azerbaijani"
    ],
    "western": [
        "Azerbaijani",
        "Indonesian",
        "Kosovar",
        "Saudi"
    ],
    "pitbull": [
        "Azerbaijani"
    ],
    "pop": [
        "Azerbaijani",
        "Belarusian",
        "Bosnian",
        "Croatian",
        "Egyptian",
        "Salvadoran",
        "Estonian",
        "Ethiopian",
        "Georgian",
        "Guatemalan",
        "Hong Konger",
        "Icelander",
        "Indian",
        "Indonesian",
        "Iranian",
        "Irish",
        "Italian",
        "Japanese",
        "Kosovar",
        "Kuwaiti",
        "Kyrgyz",
        "Latvian",
        "Lithuanian",
        "Luxembourger",
        "Macanese",
        "Maldivian",
        "Mongolian",
        "Montenegrin",
        "Myanmari",
        "New Zealander",
        "Nicaraguan",
        "Macedonian",
        "Qatari",
        "Romanian",
        "Rwandan",
        "Serbian",
        "Singaporean",
        "Slovakian",
        "Slovene",
        "South African",
        "Swede",
        "Taiwanese",
        "Tajik",
        "Zimbabwean"
    ],
    "arabic songs": [
        "Azerbaijani",
        "Egyptian",
        "Ethiopian",
        "Iraqi",
        "Jordanian",
        "Kuwaiti",
        "Lebanese",
        "Qatari",
        "Saudi"
    ],
    "classical music": [
        "Azerbaijani",
        "Bangladeshi",
        "Belarusian",
        "Croatian",
        "Cypriot",
        "Estonian",
        "Georgian",
        "Hong Konger",
        "Icelander",
        "Indian",
        "Iranian",
        "Iraqi",
        "Italian",
        "Japanese",
        "Kosovar",
        "Kuwaiti",
        "Kyrgyz",
        "Latvian",
        "Lebanese",
        "Lithuanian",
        "Luxembourger",
        "Macanese",
        "Maldivian",
        "Mongolian",
        "Montenegrin",
        "Myanmari",
        "New Zealander",
        "Macedonian",
        "Qatari",
        "Romanian",
        "Saudi",
        "Singaporean",
        "Slovakian",
        "Slovene",
        "Swede",
        "Taiwanese",
        "Tajik",
        "Zimbabwean"
    ],
    "rap": [
        "Azerbaijani",
        "Bangladeshi",
        "Belarusian",
        "Bosnian",
        "Croatian",
        "Cypriot",
        "Ecuadorian",
        "Egyptian",
        "Salvadoran",
        "Ethiopian",
        "Georgian",
        "Ghanaian",
        "Guatemalan",
        "Haitian",
        "Hong Konger",
        "Icelander",
        "Indian",
        "Indonesian",
        "Iranian",
        "Iraqi",
        "Italian",
        "Kosovar",
        "Kuwaiti",
        "Kyrgyz",
        "Latvian",
        "Lithuanian",
        "Luxembourger",
        "Macanese",
        "Mongolian",
        "Montenegrin",
        "Moroccan",
        "New Zealander",
        "Nicaraguan",
        "Puertorrique\u00f1o",
        "Qatari",
        "Romanian",
        "Rwandan",
        "Saudi",
        "Singaporean",
        "Slovakian",
        "Slovene",
        "South African",
        "Swede",
        "Taiwanese",
        "Trinbagonian",
        "Zimbabwean"
    ],
    "turkish": [
        "Azerbaijani",
        "Kosovar"
    ],
    "turkish pop": [
        "Azerbaijani"
    ],
    "rock": [
        "Azerbaijani",
        "Bangladeshi",
        "Belarusian",
        "Croatian",
        "Ecuadorian",
        "Egyptian",
        "Estonian",
        "Ethiopian",
        "Georgian",
        "Icelander",
        "Indonesian",
        "Iranian",
        "Iraqi",
        "Kosovar",
        "Kyrgyz",
        "Latvian",
        "Lebanese",
        "Lithuanian",
        "Luxembourger",
        "Macanese",
        "Mongolian",
        "Montenegrin",
        "Moroccan",
        "Myanmari",
        "New Zealander",
        "Qatari",
        "Romanian",
        "Saudi",
        "Serbian",
        "Singaporean",
        "Slovakian",
        "Slovene",
        "South African",
        "Swede",
        "Taiwanese",
        "Zimbabwean"
    ],
    "world music": [
        "Azerbaijani",
        "Jordanian",
        "Tajik"
    ],
    "country": [
        "Azerbaijani",
        "Belarusian",
        "Egyptian",
        "Georgian",
        "Haitian",
        "Hong Konger",
        "Indonesian",
        "Iraqi",
        "Lithuanian",
        "Moroccan",
        "New Zealander",
        "Serbian",
        "Slovakian",
        "Slovene",
        "Swede"
    ],
    "eyvaz": [
        "Azerbaijani"
    ],
    "ali perviz khalatbari": [
        "Azerbaijani"
    ],
    "bangla music": [
        "Bangladeshi"
    ],
    "songs": [
        "Bangladeshi",
        "Belarusian",
        "Cypriot",
        "Egyptian",
        "Kosovar",
        "Lebanese",
        "Macanese",
        "Montenegrin",
        "Myanmari",
        "Singaporean"
    ],
    "bollywood": [
        "Bangladeshi",
        "Indian",
        "Indonesian",
        "Macanese",
        "Maldivian"
    ],
    "rb": [
        "Bangladeshi",
        "Belarusian",
        "Cypriot",
        "Egyptian",
        "Ethiopian",
        "Ghanaian",
        "Guatemalan",
        "Haitian",
        "Hong Konger",
        "Icelander",
        "Iraqi",
        "Italian",
        "Kosovar",
        "Kuwaiti",
        "Latvian",
        "Macanese",
        "Maldivian",
        "Mongolian",
        "Montenegrin",
        "New Zealander",
        "Qatari",
        "Romanian",
        "Rwandan",
        "Saudi",
        "South African",
        "Taiwanese",
        "Trinbagonian",
        "Zimbabwean"
    ],
    "hindi": [
        "Bangladeshi",
        "Indian",
        "Iranian",
        "Maldivian"
    ],
    "rajastani": [
        "Bangladeshi"
    ],
    "popular": [
        "Bangladeshi",
        "Croatian"
    ],
    "indian songs": [
        "Bangladeshi",
        "Saudi"
    ],
    "the beatles": [
        "Bangladeshi",
        "Icelander",
        "Irish",
        "Lithuanian",
        "Luxembourger",
        "Nicaraguan",
        "Slovakian"
    ],
    "simon and garfunkel": [
        "Bangladeshi"
    ],
    "tagore": [
        "Bangladeshi"
    ],
    "south asian music": [
        "Bangladeshi"
    ],
    "pink floyd": [
        "Bangladeshi"
    ],
    "hindi songs": [
        "Bangladeshi",
        "Indian",
        "Kuwaiti",
        "Singaporean"
    ],
    "hindustani": [
        "Bangladeshi"
    ],
    "bengali": [
        "Bangladeshi"
    ],
    "indian": [
        "Bangladeshi",
        "Indonesian",
        "Maldivian"
    ],
    "bhangra music": [
        "Bangladeshi",
        "Myanmari"
    ],
    "arabic": [
        "Bangladeshi",
        "Egyptian",
        "Iraqi",
        "Jordanian",
        "Kuwaiti",
        "Lebanese",
        "Maldivian",
        "Moroccan",
        "Qatari",
        "Saudi",
        "Tajik"
    ],
    "folk": [
        "Bangladeshi",
        "Croatian",
        "Estonian",
        "Ghanaian",
        "Icelander",
        "New Zealander",
        "Romanian",
        "Serbian",
        "Slovakian",
        "Swede"
    ],
    "tau": [
        "Bangladeshi"
    ],
    "bhangra": [
        "Bangladeshi",
        "Indian"
    ],
    "hindiurdu": [
        "Bangladeshi"
    ],
    "ravi shankar": [
        "Bangladeshi",
        "Indian"
    ],
    "bhajans": [
        "Bangladeshi"
    ],
    "bengali songs": [
        "Bangladeshi"
    ],
    "indian movie songs": [
        "Bangladeshi"
    ],
    "bangla": [
        "Bangladeshi"
    ],
    "bangla songs": [
        "Bangladeshi"
    ],
    "classical": [
        "Bangladeshi",
        "Bosnian",
        "Croatian",
        "Egyptian",
        "Estonian",
        "Georgian",
        "Guatemalan",
        "Hong Konger",
        "Icelander",
        "Indian",
        "Italian",
        "Kuwaiti",
        "Lithuanian",
        "Luxembourger",
        "Montenegrin",
        "Moroccan",
        "New Zealander",
        "Macedonian",
        "Qatari",
        "Romanian",
        "Rwandan",
        "Saudi",
        "Serbian",
        "Slovakian",
        "Taiwanese"
    ],
    "english": [
        "Bangladeshi",
        "Cypriot",
        "Salvadoran",
        "Haitian",
        "Indonesian",
        "Japanese",
        "Maldivian",
        "Moroccan",
        "Saudi",
        "Singaporean"
    ],
    "u2": [
        "Bangladeshi",
        "Irish"
    ],
    "bengali music": [
        "Bangladeshi"
    ],
    "hiphop": [
        "Bangladeshi",
        "Croatian",
        "Ecuadorian",
        "Egyptian",
        "Estonian",
        "Ethiopian",
        "Georgian",
        "Ghanaian",
        "Haitian",
        "Hong Konger",
        "Icelander",
        "Indian",
        "Iranian",
        "Iraqi",
        "Italian",
        "Japanese",
        "Kosovar",
        "Kuwaiti",
        "Kyrgyz",
        "Latvian",
        "Lithuanian",
        "Luxembourger",
        "Macanese",
        "Mongolian",
        "Montenegrin",
        "Moroccan",
        "New Zealander",
        "Nicaraguan",
        "Puertorrique\u00f1o",
        "Qatari",
        "Romanian",
        "Rwandan",
        "Singaporean",
        "Slovakian",
        "Slovene",
        "South African",
        "Swede",
        "Taiwanese",
        "Tajik",
        "Zimbabwean"
    ],
    "limp bizkit": [
        "Belarusian"
    ],
    "hip hoprap": [
        "Belarusian"
    ],
    "opera": [
        "Belarusian",
        "Croatian",
        "Estonian",
        "Georgian",
        "Hong Konger",
        "Icelander",
        "Italian",
        "Latvian",
        "Lithuanian",
        "Macanese",
        "New Zealander",
        "Macedonian",
        "Serbian",
        "Slovakian",
        "Slovene",
        "Swede"
    ],
    "english songs": [
        "Belarusian",
        "Hong Konger",
        "Indian",
        "Myanmari",
        "Macedonian",
        "Qatari"
    ],
    "hard rock": [
        "Belarusian",
        "Georgian",
        "Lithuanian",
        "Swede"
    ],
    "cossack": [
        "Belarusian"
    ],
    "elvis presley": [
        "Belarusian",
        "Estonian",
        "Zimbabwean"
    ],
    "belorussian folk music": [
        "Belarusian"
    ],
    "metal": [
        "Belarusian",
        "Estonian",
        "Icelander",
        "Swede"
    ],
    "russian rap": [
        "Belarusian"
    ],
    "rock music": [
        "Belarusian",
        "Bosnian",
        "Croatian",
        "Cypriot",
        "Ecuadorian",
        "Estonian",
        "Georgian",
        "Hong Konger",
        "Icelander",
        "Irish",
        "Italian",
        "Japanese",
        "Kyrgyz",
        "Latvian",
        "Lithuanian",
        "Luxembourger",
        "Macanese",
        "Mongolian",
        "Montenegrin",
        "Myanmari",
        "New Zealander",
        "Saudi",
        "Serbian",
        "Slovene",
        "Swede",
        "Taiwanese"
    ],
    "hiphoprap": [
        "Belarusian"
    ],
    "folk songs": [
        "Belarusian",
        "Estonian",
        "Irish",
        "Kyrgyz",
        "Lithuanian",
        "Macanese",
        "Mongolian",
        "Moroccan",
        "Macedonian",
        "Serbian",
        "Slovakian",
        "Slovene"
    ],
    "techno": [
        "Belarusian",
        "Ecuadorian",
        "Egyptian",
        "Estonian",
        "Hong Konger",
        "Latvian",
        "Luxembourger",
        "Moroccan",
        "New Zealander",
        "Macedonian",
        "Romanian",
        "Singaporean",
        "Slovene",
        "Swede"
    ],
    "blues music": [
        "Belarusian"
    ],
    "nickelback": [
        "Belarusian"
    ],
    "barynya": [
        "Belarusian"
    ],
    "russian": [
        "Belarusian",
        "Georgian",
        "Kyrgyz",
        "Tajik"
    ],
    "beatles": [
        "Belarusian",
        "Estonian",
        "Puertorrique\u00f1o"
    ],
    "belorussian music": [
        "Belarusian"
    ],
    "sevdah": [
        "Bosnian",
        "Kosovar"
    ],
    "kaba": [
        "Bosnian"
    ],
    "balkan folk music": [
        "Bosnian"
    ],
    "balkan music": [
        "Bosnian",
        "Croatian",
        "Kosovar",
        "Montenegrin",
        "Macedonian",
        "Serbian"
    ],
    "sevdalinka": [
        "Bosnian",
        "Montenegrin"
    ],
    "arab": [
        "Bosnian",
        "Jordanian"
    ],
    "britney spears": [
        "Bosnian"
    ],
    "boban markovic": [
        "Bosnian"
    ],
    "country music": [
        "Bosnian",
        "Egyptian",
        "Georgian",
        "Ghanaian",
        "Icelander",
        "Indian",
        "Indonesian",
        "Iraqi",
        "Irish",
        "Italian",
        "Japanese",
        "Kosovar",
        "Kyrgyz",
        "Latvian",
        "Lithuanian",
        "Luxembourger",
        "Macanese",
        "Maldivian",
        "Mongolian",
        "Montenegrin",
        "New Zealander",
        "Saudi",
        "Singaporean",
        "Slovakian",
        "Slovene",
        "Swede",
        "Tajik"
    ],
    "heavy metal": [
        "Bosnian",
        "Cypriot",
        "Estonian",
        "Icelander",
        "Latvian",
        "Luxembourger",
        "Maldivian",
        "Montenegrin",
        "New Zealander",
        "Slovakian",
        "Swede"
    ],
    "shakira": [
        "Bosnian",
        "Ecuadorian",
        "Salvadoran"
    ],
    "boban": [
        "Bosnian"
    ],
    "balkan": [
        "Bosnian",
        "Kosovar"
    ],
    "bach": [
        "Croatian",
        "Lebanese",
        "Romanian",
        "Swede"
    ],
    "ethnic music": [
        "Croatian"
    ],
    "slavic folk music": [
        "Croatian",
        "Serbian"
    ],
    "mozart": [
        "Croatian",
        "Cypriot",
        "Lebanese",
        "Swede",
        "Taiwanese"
    ],
    "american pop": [
        "Croatian",
        "Georgian",
        "Iranian",
        "Jordanian",
        "New Zealander",
        "Serbian",
        "Slovene",
        "Swede"
    ],
    "tamburica music": [
        "Croatian"
    ],
    "turbofolk": [
        "Croatian"
    ],
    "banfi\u0107": [
        "Croatian"
    ],
    "ljudevit gaja": [
        "Croatian"
    ],
    "serbian": [
        "Croatian"
    ],
    "vjenceslav novak": [
        "Croatian"
    ],
    "80s": [
        "Croatian",
        "Hong Konger",
        "Macanese",
        "Myanmari",
        "Serbian"
    ],
    "idiote": [
        "Croatian"
    ],
    "european pop": [
        "Croatian",
        "Luxembourger",
        "Serbian"
    ],
    "big band music": [
        "Croatian"
    ],
    "elvis": [
        "Croatian",
        "Estonian",
        "Lithuanian",
        "Swede"
    ],
    "frank sinatra": [
        "Croatian",
        "Italian",
        "Lithuanian",
        "Nicaraguan"
    ],
    "danijela stojkovi\u0107": [
        "Croatian"
    ],
    "techno music": [
        "Croatian",
        "Latvian",
        "Mongolian",
        "Montenegrin",
        "Macedonian",
        "South African"
    ],
    "90s": [
        "Croatian",
        "Hong Konger",
        "Myanmari"
    ],
    "music of the balkans": [
        "Croatian"
    ],
    "80s music": [
        "Cypriot"
    ],
    "sirtaki music": [
        "Cypriot"
    ],
    "beethoven": [
        "Cypriot",
        "Lebanese",
        "Lithuanian",
        "Romanian",
        "Taiwanese"
    ],
    "greece": [
        "Cypriot"
    ],
    "trance": [
        "Cypriot",
        "Slovene",
        "Swede"
    ],
    "greek": [
        "Cypriot",
        "Kosovar"
    ],
    "greek old songs": [
        "Cypriot"
    ],
    "rihanna": [
        "Cypriot",
        "Indian",
        "Indonesian",
        "Slovene"
    ],
    "italy": [
        "Cypriot"
    ],
    "greek music": [
        "Cypriot",
        "Macedonian"
    ],
    "greek songs": [
        "Cypriot"
    ],
    "greek folk songs": [
        "Cypriot"
    ],
    "greek folk music": [
        "Cypriot"
    ],
    "christian music": [
        "Cypriot",
        "Georgian",
        "Guatemalan",
        "Nicaraguan"
    ],
    "merengue": [
        "Ecuadorian",
        "Salvadoran",
        "Guatemalan",
        "Nicaraguan",
        "Puertorrique\u00f1o"
    ],
    "salsa": [
        "Ecuadorian",
        "Salvadoran",
        "Guatemalan",
        "Haitian",
        "Nicaraguan",
        "Puertorrique\u00f1o",
        "Zimbabwean"
    ],
    "bachata": [
        "Ecuadorian",
        "Salvadoran",
        "Guatemalan",
        "Nicaraguan",
        "Puertorrique\u00f1o"
    ],
    "mariachi": [
        "Ecuadorian",
        "Salvadoran",
        "Guatemalan"
    ],
    "juanes": [
        "Ecuadorian"
    ],
    "merengue music": [
        "Ecuadorian",
        "Nicaraguan"
    ],
    "salsa music": [
        "Ecuadorian",
        "Salvadoran",
        "Guatemalan",
        "Haitian",
        "Nicaraguan",
        "Puertorrique\u00f1o"
    ],
    "latino music": [
        "Ecuadorian",
        "Nicaraguan"
    ],
    "cumbia": [
        "Ecuadorian",
        "Salvadoran",
        "Guatemalan",
        "Nicaraguan",
        "Puertorrique\u00f1o"
    ],
    "carlos vives": [
        "Ecuadorian"
    ],
    "latin american ballads": [
        "Ecuadorian"
    ],
    "spanish songs": [
        "Ecuadorian",
        "Guatemalan"
    ],
    "ranchera": [
        "Ecuadorian",
        "Salvadoran"
    ],
    "latin": [
        "Ecuadorian",
        "Guatemalan",
        "Nicaraguan",
        "Slovakian"
    ],
    "rancheras": [
        "Ecuadorian",
        "Salvadoran"
    ],
    "bandas": [
        "Ecuadorian"
    ],
    "spanish music": [
        "Ecuadorian",
        "Salvadoran",
        "Guatemalan",
        "Nicaraguan",
        "Puertorrique\u00f1o"
    ],
    "boleros": [
        "Ecuadorian"
    ],
    "marimba music": [
        "Ecuadorian",
        "Salvadoran",
        "Guatemalan"
    ],
    "latin american music": [
        "Ecuadorian",
        "Salvadoran",
        "Guatemalan",
        "Latvian",
        "Nicaraguan"
    ],
    "reggaeton": [
        "Ecuadorian",
        "Salvadoran",
        "Guatemalan",
        "Haitian",
        "Nicaraguan",
        "Puertorrique\u00f1o"
    ],
    "music in spanish": [
        "Ecuadorian"
    ],
    "arabic singing": [
        "Egyptian",
        "Qatari"
    ],
    "meditation": [
        "Egyptian"
    ],
    "middle east": [
        "Egyptian",
        "Lebanese",
        "Qatari",
        "Saudi"
    ],
    "michael jackson": [
        "Egyptian",
        "Indian",
        "Irish",
        "Latvian",
        "Macanese",
        "Myanmari",
        "Slovakian",
        "Swede"
    ],
    "arabic hiphop": [
        "Egyptian",
        "Iraqi"
    ],
    "arabic music": [
        "Egyptian",
        "Iranian",
        "Iraqi",
        "Jordanian",
        "Kuwaiti",
        "Lebanese",
        "Maldivian",
        "Moroccan",
        "Qatari",
        "Saudi",
        "Tajik"
    ],
    "arabic pop": [
        "Egyptian",
        "Iraqi",
        "Kuwaiti",
        "Lebanese"
    ],
    "middle eastern": [
        "Egyptian",
        "Jordanian",
        "Lebanese",
        "Tajik"
    ],
    "spanish": [
        "Salvadoran",
        "Guatemalan",
        "Nicaraguan",
        "Puertorrique\u00f1o"
    ],
    "vallenatos": [
        "Salvadoran"
    ],
    "mariachi music": [
        "Salvadoran",
        "Guatemalan"
    ],
    "reggeaton": [
        "Salvadoran",
        "Nicaraguan"
    ],
    "latin pop": [
        "Salvadoran",
        "Guatemalan",
        "Nicaraguan"
    ],
    "banda": [
        "Salvadoran",
        "Guatemalan"
    ],
    "reggaeton music": [
        "Salvadoran"
    ],
    "mexican": [
        "Salvadoran",
        "Guatemalan",
        "Puertorrique\u00f1o"
    ],
    "latin music": [
        "Salvadoran",
        "Guatemalan",
        "Nicaraguan",
        "Puertorrique\u00f1o"
    ],
    "latin rock": [
        "Salvadoran"
    ],
    "dancehall": [
        "Salvadoran",
        "Ghanaian",
        "Trinbagonian"
    ],
    "chipote": [
        "Salvadoran"
    ],
    "nueva canci\u00f3n": [
        "Salvadoran"
    ],
    "son": [
        "Salvadoran"
    ],
    "los lobos": [
        "Salvadoran"
    ],
    "reggae": [
        "Salvadoran",
        "Ethiopian",
        "Georgian",
        "Ghanaian",
        "Guatemalan",
        "Haitian",
        "Indonesian",
        "Lebanese",
        "Luxembourger",
        "New Zealander",
        "Nicaraguan",
        "Puertorrique\u00f1o",
        "Rwandan",
        "Slovene",
        "South African",
        "Trinbagonian",
        "Zimbabwean"
    ],
    "soca": [
        "Salvadoran",
        "Haitian",
        "Nicaraguan",
        "Trinbagonian"
    ],
    "los temerarios": [
        "Salvadoran"
    ],
    "los tigres": [
        "Salvadoran"
    ],
    "reggaet\u00f3n": [
        "Salvadoran",
        "Nicaraguan",
        "Puertorrique\u00f1o"
    ],
    "hispanic music": [
        "Salvadoran"
    ],
    "mexican music": [
        "Salvadoran"
    ],
    "cumbia music": [
        "Salvadoran"
    ],
    "latin america": [
        "Salvadoran",
        "Guatemalan",
        "Nicaraguan"
    ],
    "ranchera music": [
        "Salvadoran",
        "Guatemalan",
        "Nicaraguan"
    ],
    "easy listening music": [
        "Estonian"
    ],
    "russian folk music": [
        "Estonian",
        "Tajik"
    ],
    "ballad": [
        "Estonian"
    ],
    "folk music": [
        "Estonian",
        "Icelander",
        "Irish",
        "Kyrgyz",
        "Slovakian",
        "Tajik"
    ],
    "polka": [
        "Estonian",
        "Latvian",
        "Lithuanian",
        "Serbian"
    ],
    "orchestra": [
        "Estonian",
        "Slovene"
    ],
    "rammstein": [
        "Estonian",
        "Icelander"
    ],
    "the chainsmokers": [
        "Estonian"
    ],
    "contemporary christian music": [
        "Estonian"
    ],
    "reggae music": [
        "Estonian",
        "New Zealander",
        "Zimbabwean"
    ],
    "old style": [
        "Estonian"
    ],
    "taylor swift": [
        "Estonian",
        "Slovene"
    ],
    "eesti laul": [
        "Estonian"
    ],
    "arvo p\u00e4rt": [
        "Estonian"
    ],
    "koerlinahotell": [
        "Estonian"
    ],
    "the clash": [
        "Estonian"
    ],
    "oldies music": [
        "Ethiopian"
    ],
    "afropop": [
        "Ethiopian",
        "Ghanaian",
        "Rwandan",
        "South African",
        "Zimbabwean"
    ],
    "amharic music": [
        "Ethiopian"
    ],
    "ethiojazz": [
        "Ethiopian"
    ],
    "tewodros kassahun": [
        "Ethiopian"
    ],
    "gospel music": [
        "Ethiopian",
        "Ghanaian",
        "Haitian",
        "Rwandan",
        "Zimbabwean"
    ],
    "african music": [
        "Ethiopian",
        "Ghanaian",
        "Haitian",
        "Rwandan",
        "South African",
        "Zimbabwean"
    ],
    "africa": [
        "Ethiopian"
    ],
    "african pop music": [
        "Ethiopian"
    ],
    "afrobeats": [
        "Ethiopian",
        "Ghanaian",
        "Rwandan"
    ],
    "negesti": [
        "Ethiopian"
    ],
    "mulatu astatke": [
        "Ethiopian"
    ],
    "music of the caucasus": [
        "Georgian"
    ],
    "dato kordzaia": [
        "Georgian"
    ],
    "krimanchuli": [
        "Georgian"
    ],
    "russia": [
        "Georgian"
    ],
    "toto": [
        "Georgian",
        "Italian"
    ],
    "rnb": [
        "Georgian",
        "Rwandan",
        "Serbian",
        "Swede"
    ],
    "eurodance": [
        "Georgian",
        "Swede"
    ],
    "chakrulo": [
        "Georgian"
    ],
    "soi": [
        "Georgian"
    ],
    "classics": [
        "Georgian",
        "Singaporean"
    ],
    "eurovision": [
        "Georgian"
    ],
    "chkonia": [
        "Georgian"
    ],
    "70s music": [
        "Georgian",
        "Slovakian",
        "Swede"
    ],
    "khid": [
        "Georgian"
    ],
    "80s pop": [
        "Georgian"
    ],
    "daddy lumba": [
        "Ghanaian"
    ],
    "jollof": [
        "Ghanaian"
    ],
    "hiplife": [
        "Ghanaian"
    ],
    "osibisa": [
        "Ghanaian"
    ],
    "african": [
        "Ghanaian",
        "South African"
    ],
    "afro beat": [
        "Ghanaian",
        "Rwandan"
    ],
    "sarkodie": [
        "Ghanaian"
    ],
    "nana acheampong": [
        "Ghanaian"
    ],
    "bob marley": [
        "Ghanaian",
        "Irish",
        "Macanese",
        "Nicaraguan",
        "South African",
        "Trinbagonian"
    ],
    "kwaito": [
        "Ghanaian",
        "South African"
    ],
    "gospel": [
        "Ghanaian",
        "Rwandan",
        "Saudi",
        "South African",
        "Zimbabwean"
    ],
    "highlife": [
        "Ghanaian"
    ],
    "kizomba music": [
        "Ghanaian"
    ],
    "kizifia": [
        "Ghanaian"
    ],
    "hippopop": [
        "Ghanaian"
    ],
    "kwaito music": [
        "Ghanaian",
        "Zimbabwean"
    ],
    "afrobeat": [
        "Ghanaian",
        "South African",
        "Zimbabwean"
    ],
    "afro pop": [
        "Ghanaian"
    ],
    "nigerian music": [
        "Ghanaian"
    ],
    "afro beat music": [
        "Ghanaian"
    ],
    "stonebwo": [
        "Ghanaian"
    ],
    "kofi olomido": [
        "Ghanaian"
    ],
    "african tribal music": [
        "Ghanaian",
        "Rwandan"
    ],
    "native artists": [
        "Guatemalan"
    ],
    "music from central america": [
        "Guatemalan"
    ],
    "bomba estereo": [
        "Guatemalan"
    ],
    "kumbia": [
        "Guatemalan"
    ],
    "cumbias": [
        "Guatemalan"
    ],
    "spanish folk songs": [
        "Guatemalan"
    ],
    "mariachis": [
        "Guatemalan"
    ],
    "80s songs": [
        "Guatemalan"
    ],
    "spanish rock": [
        "Guatemalan"
    ],
    "enrique iglesias": [
        "Guatemalan",
        "Nicaraguan"
    ],
    "spanish speaking christian music": [
        "Guatemalan"
    ],
    "oldies": [
        "Guatemalan",
        "Latvian",
        "Montenegrin",
        "Puertorrique\u00f1o",
        "Singaporean",
        "Slovene"
    ],
    "reggeatone": [
        "Guatemalan"
    ],
    "spanish pop": [
        "Guatemalan"
    ],
    "ricky martin": [
        "Guatemalan"
    ],
    "soul": [
        "Haitian",
        "Latvian"
    ],
    "creole": [
        "Haitian"
    ],
    "caribbean dance music": [
        "Haitian"
    ],
    "french music": [
        "Haitian",
        "Luxembourger"
    ],
    "voudou": [
        "Haitian"
    ],
    "my heart": [
        "Haitian"
    ],
    "kadans": [
        "Haitian"
    ],
    "soca music": [
        "Haitian",
        "Trinbagonian"
    ],
    "caribbean music": [
        "Haitian",
        "Trinbagonian"
    ],
    "african pop": [
        "Haitian"
    ],
    "kompa": [
        "Haitian"
    ],
    "kreyol": [
        "Haitian"
    ],
    "french": [
        "Haitian",
        "Luxembourger",
        "Moroccan"
    ],
    "english pop": [
        "Hong Konger",
        "Myanmari",
        "Nicaraguan",
        "Singaporean"
    ],
    "electronic": [
        "Hong Konger",
        "Montenegrin"
    ],
    "canto pop": [
        "Hong Konger"
    ],
    "chinese music": [
        "Hong Konger",
        "Macanese",
        "Taiwanese"
    ],
    "jpop": [
        "Hong Konger",
        "Indonesian",
        "Japanese",
        "Singaporean",
        "Taiwanese"
    ],
    "nicholas tse": [
        "Hong Konger"
    ],
    "cantonese opera": [
        "Hong Konger"
    ],
    "kpop": [
        "Hong Konger",
        "Indian",
        "Indonesian",
        "Japanese",
        "Latvian",
        "Lithuanian",
        "Macanese",
        "Mongolian",
        "Singaporean",
        "Slovene",
        "Taiwanese"
    ],
    "cantopop": [
        "Hong Konger",
        "Macanese"
    ],
    "cpop": [
        "Hong Konger",
        "Taiwanese"
    ],
    "chinese songs": [
        "Hong Konger",
        "Macanese",
        "Singaporean",
        "Taiwanese"
    ],
    "hong": [
        "Hong Konger"
    ],
    "japanese pop": [
        "Hong Konger",
        "Taiwanese"
    ],
    "korean pop": [
        "Hong Konger",
        "Japanese",
        "Mongolian"
    ],
    "leon lai": [
        "Hong Konger"
    ],
    "cantonpop": [
        "Hong Konger"
    ],
    "eason chan": [
        "Hong Konger"
    ],
    "cantonese pop": [
        "Hong Konger"
    ],
    "cantonese": [
        "Hong Konger"
    ],
    "cantonese songs": [
        "Hong Konger",
        "Macanese"
    ],
    "mandarin songs": [
        "Hong Konger"
    ],
    "chinese pop music": [
        "Hong Konger",
        "Macanese"
    ],
    "hippop": [
        "Hong Konger",
        "Indian"
    ],
    "chinese pop": [
        "Hong Konger",
        "Macanese",
        "Singaporean"
    ],
    "sounds of nature": [
        "Icelander"
    ],
    "ed sheeran": [
        "Icelander",
        "Luxembourger"
    ],
    "jonsi": [
        "Icelander"
    ],
    "edvard grieg": [
        "Icelander"
    ],
    "rock n roll": [
        "Icelander",
        "Slovakian"
    ],
    "bj\u00f6rk": [
        "Icelander"
    ],
    "bjork": [
        "Icelander"
    ],
    "kjartan sveinsons": [
        "Icelander"
    ],
    "alternative rock": [
        "Icelander",
        "Myanmari",
        "New Zealander",
        "Swede"
    ],
    "sigur ros": [
        "Icelander"
    ],
    "classic": [
        "Icelander",
        "Montenegrin"
    ],
    "of monsters and men": [
        "Icelander"
    ],
    "bj\u00f6rk gu\u00f0mundsd\u00f3ttir": [
        "Icelander"
    ],
    "thrash metal": [
        "Icelander"
    ],
    "gus gus": [
        "Icelander"
    ],
    "thr": [
        "Icelander"
    ],
    "led zeppelin": [
        "Icelander",
        "Lithuanian",
        "Luxembourger"
    ],
    "sigur r\u00f3s": [
        "Icelander"
    ],
    "punk rock": [
        "Icelander",
        "New Zealander",
        "Swede"
    ],
    "crossover thrash": [
        "Icelander"
    ],
    "opera music": [
        "Icelander",
        "Italian",
        "Latvian",
        "Luxembourger",
        "Serbian",
        "South African",
        "Taiwanese"
    ],
    "the classics": [
        "Icelander"
    ],
    "debussy": [
        "Icelander"
    ],
    "hjaltalin": [
        "Icelander"
    ],
    "punjabi music": [
        "Indian"
    ],
    "sitar music": [
        "Indian"
    ],
    "punjabi": [
        "Indian"
    ],
    "movie soundtracks": [
        "Indian",
        "Japanese"
    ],
    "hindi music": [
        "Indian",
        "Maldivian"
    ],
    "bollywood music": [
        "Indian",
        "Maldivian",
        "Qatari",
        "Tajik"
    ],
    "hindi movies": [
        "Indian"
    ],
    "mainstream": [
        "Indian"
    ],
    "usher": [
        "Indian"
    ],
    "raga": [
        "Indian"
    ],
    "bollywood movies": [
        "Indian",
        "Singaporean"
    ],
    "bollywood songs": [
        "Indian",
        "Kyrgyz",
        "Maldivian",
        "Singaporean",
        "Tajik"
    ],
    "korean": [
        "Indonesian",
        "Taiwanese"
    ],
    "samba": [
        "Indonesian"
    ],
    "jrock": [
        "Indonesian"
    ],
    "indonesian music": [
        "Indonesian"
    ],
    "keroncong": [
        "Indonesian"
    ],
    "campursari": [
        "Indonesian"
    ],
    "hiphop music": [
        "Indonesian",
        "Kosovar",
        "Kyrgyz",
        "Saudi"
    ],
    "javanese music": [
        "Indonesian"
    ],
    "gamelan music": [
        "Indonesian"
    ],
    "pop songs": [
        "Indonesian",
        "Slovene"
    ],
    "balinese gamelan music": [
        "Indonesian"
    ],
    "dance": [
        "Indonesian",
        "Lithuanian"
    ],
    "gambus": [
        "Indonesian"
    ],
    "dangdut": [
        "Indonesian"
    ],
    "an": [
        "Indonesian"
    ],
    "javanese": [
        "Indonesian"
    ],
    "malay": [
        "Indonesian"
    ],
    "justin bieber": [
        "Indonesian",
        "Romanian"
    ],
    "rai": [
        "Indonesian",
        "Lebanese",
        "Moroccan",
        "Qatari"
    ],
    "gamelan": [
        "Indonesian"
    ],
    "kroncong": [
        "Indonesian"
    ],
    "eastern": [
        "Indonesian"
    ],
    "heavy metal music": [
        "Indonesian",
        "Swede"
    ],
    "lady gaga": [
        "Indonesian",
        "Taiwanese"
    ],
    "poprock": [
        "Indonesian",
        "Latvian",
        "New Zealander"
    ],
    "chinese": [
        "Indonesian",
        "Macanese",
        "Singaporean",
        "Taiwanese"
    ],
    "modern pop": [
        "Iranian"
    ],
    "keshi": [
        "Iranian"
    ],
    "arash": [
        "Iranian"
    ],
    "shahamni": [
        "Iranian"
    ],
    "shahram": [
        "Iranian"
    ],
    "persian": [
        "Iranian",
        "Tajik"
    ],
    "shiite music": [
        "Iranian"
    ],
    "ebru": [
        "Iranian"
    ],
    "ebi": [
        "Iranian",
        "Tajik"
    ],
    "sade": [
        "Iranian"
    ],
    "persian pop": [
        "Iranian"
    ],
    "persian music": [
        "Iranian",
        "Tajik"
    ],
    "persian pop music": [
        "Iranian"
    ],
    "sattar": [
        "Iranian"
    ],
    "persian folk music": [
        "Iranian"
    ],
    "tesla": [
        "Iranian"
    ],
    "urdu": [
        "Iranian",
        "Pakistani"
    ],
    "farsi music": [
        "Iranian"
    ],
    "persian folk songs": [
        "Iranian"
    ],
    "old persian songs": [
        "Iranian"
    ],
    "fariborz": [
        "Iranian"
    ],
    "religious music": [
        "Iraqi",
        "Jordanian"
    ],
    "quranic recitation": [
        "Iraqi"
    ],
    "ramadan mubraka": [
        "Iraqi"
    ],
    "arabian music": [
        "Iraqi",
        "Jordanian",
        "Qatari"
    ],
    "indian music": [
        "Iraqi",
        "Maldivian",
        "Tajik"
    ],
    "oud music": [
        "Iraqi"
    ],
    "music from his homeland": [
        "Iraqi"
    ],
    "arabian songs": [
        "Iraqi",
        "Kuwaiti"
    ],
    "middleeastern": [
        "Iraqi"
    ],
    "western songs": [
        "Iraqi"
    ],
    "the corrs": [
        "Irish"
    ],
    "old country": [
        "Irish"
    ],
    "flogging molly": [
        "Irish"
    ],
    "scottish songs": [
        "Irish"
    ],
    "celtic rock music": [
        "Irish"
    ],
    "fiddles": [
        "Irish"
    ],
    "celtic music": [
        "Irish"
    ],
    "the galway girl": [
        "Irish"
    ],
    "the boomtown rats": [
        "Irish"
    ],
    "celtic": [
        "Irish"
    ],
    "the saw doctors": [
        "Irish"
    ],
    "dropkick murphys": [
        "Irish"
    ],
    "jigs": [
        "Irish"
    ],
    "van morrison": [
        "Irish"
    ],
    "the cranberries": [
        "Irish"
    ],
    "oldfashioned songs": [
        "Irish"
    ],
    "the wrecking ball": [
        "Irish"
    ],
    "the pogues": [
        "Irish"
    ],
    "rory gallagher": [
        "Irish"
    ],
    "celtic folk music": [
        "Irish"
    ],
    "big band": [
        "Italian"
    ],
    "the": [
        "Italian",
        "Mongolian",
        "Nicaraguan",
        "Singaporean"
    ],
    "ragtime": [
        "Italian"
    ],
    "operas": [
        "Italian"
    ],
    "symphonic music": [
        "Italian"
    ],
    "instrumental music": [
        "Italian",
        "Kyrgyz",
        "Qatari"
    ],
    "j pop": [
        "Japanese"
    ],
    "romance": [
        "Japanese"
    ],
    "bz": [
        "Japanese"
    ],
    "jazz music": [
        "Japanese",
        "Latvian",
        "Luxembourger",
        "South African"
    ],
    "sharom": [
        "Japanese"
    ],
    "classical piano music": [
        "Japanese"
    ],
    "korean music": [
        "Japanese",
        "Singaporean"
    ],
    "kattun": [
        "Japanese"
    ],
    "backstreet boys": [
        "Japanese"
    ],
    "soft rock": [
        "Japanese"
    ],
    "anime": [
        "Japanese"
    ],
    "culture": [
        "Japanese"
    ],
    "amr diab": [
        "Jordanian"
    ],
    "middle eastern classical music": [
        "Jordanian"
    ],
    "western music": [
        "Jordanian"
    ],
    "arabic language music": [
        "Jordanian"
    ],
    "american music": [
        "Jordanian"
    ],
    "arabic classical music": [
        "Jordanian"
    ],
    "modern western pop": [
        "Jordanian"
    ],
    "rai music": [
        "Jordanian",
        "Moroccan",
        "Saudi"
    ],
    "middle eastern sounds": [
        "Jordanian",
        "Moroccan"
    ],
    "fairuz": [
        "Jordanian"
    ],
    "national anthem": [
        "Jordanian"
    ],
    "majida el roumi": [
        "Jordanian"
    ],
    "english music": [
        "Jordanian"
    ],
    "eastern type of music": [
        "Jordanian"
    ],
    "islamic music": [
        "Jordanian",
        "Kuwaiti",
        "Maldivian",
        "Qatari",
        "Saudi"
    ],
    "american rap": [
        "Kosovar"
    ],
    "macedonian": [
        "Kosovar"
    ],
    "2000s": [
        "Kosovar"
    ],
    "albanian pop music": [
        "Kosovar"
    ],
    "albanian music": [
        "Kosovar"
    ],
    "albanian folk music": [
        "Kosovar"
    ],
    "bosnian music": [
        "Kosovar"
    ],
    "rembetiko": [
        "Kosovar"
    ],
    "albanian folklore": [
        "Kosovar"
    ],
    "albanian": [
        "Kosovar"
    ],
    "ethnic folk music": [
        "Kosovar",
        "Kyrgyz"
    ],
    "flamingo": [
        "Kosovar"
    ],
    "oldie but goodie": [
        "Kosovar"
    ],
    "the balkans": [
        "Kosovar"
    ],
    "albanian songs": [
        "Kosovar"
    ],
    "local": [
        "Kuwaiti",
        "Qatari"
    ],
    "arabic pop music": [
        "Kuwaiti",
        "Qatari"
    ],
    "quran": [
        "Kuwaiti",
        "Saudi"
    ],
    "arabian": [
        "Kuwaiti",
        "Lebanese",
        "Moroccan"
    ],
    "kendrick": [
        "Kuwaiti"
    ],
    "nasheed": [
        "Kuwaiti",
        "Maldivian",
        "Saudi"
    ],
    "drake": [
        "Kuwaiti"
    ],
    "hindi movie songs": [
        "Kuwaiti"
    ],
    "classical instrumental music": [
        "Kuwaiti"
    ],
    "sawt": [
        "Kuwaiti"
    ],
    "egyptian": [
        "Kuwaiti"
    ],
    "islamic song": [
        "Kuwaiti"
    ],
    "old school music": [
        "Kuwaiti"
    ],
    "khaled": [
        "Kuwaiti"
    ],
    "mongolian music": [
        "Kyrgyz"
    ],
    "mai": [
        "Kyrgyz"
    ],
    "russian pop music": [
        "Kyrgyz"
    ],
    "songs of the usa": [
        "Kyrgyz"
    ],
    "bolero": [
        "Kyrgyz",
        "Nicaraguan"
    ],
    "elektro": [
        "Kyrgyz"
    ],
    "heavy": [
        "Kyrgyz"
    ],
    "uzbek pop": [
        "Kyrgyz"
    ],
    "russian pop": [
        "Kyrgyz"
    ],
    "folkloric": [
        "Kyrgyz",
        "Serbian"
    ],
    "miracle": [
        "Kyrgyz"
    ],
    "tunguska": [
        "Kyrgyz"
    ],
    "manas": [
        "Kyrgyz"
    ],
    "dancing music": [
        "Kyrgyz"
    ],
    "you": [
        "Kyrgyz"
    ],
    "eurovision songs": [
        "Latvian"
    ],
    "kanye west": [
        "Latvian"
    ],
    "50 cent": [
        "Latvian",
        "Luxembourger",
        "Macanese"
    ],
    "rock n roll music": [
        "Latvian"
    ],
    "polka music": [
        "Latvian",
        "Serbian"
    ],
    "iggy azalea": [
        "Latvian"
    ],
    "tones": [
        "Lebanese"
    ],
    "mazhar": [
        "Lebanese"
    ],
    "1950s": [
        "Lebanese"
    ],
    "instrumental": [
        "Lebanese",
        "Saudi"
    ],
    "belly dance": [
        "Lebanese"
    ],
    "middle eastern pop music": [
        "Lebanese"
    ],
    "assi": [
        "Lebanese"
    ],
    "songs of the church": [
        "Lebanese"
    ],
    "euro pop": [
        "Lithuanian"
    ],
    "waltzes": [
        "Lithuanian"
    ],
    "metallica": [
        "Lithuanian",
        "Luxembourger"
    ],
    "polkas": [
        "Lithuanian"
    ],
    "country western music": [
        "Lithuanian"
    ],
    "heroes": [
        "Lithuanian"
    ],
    "the radio": [
        "Lithuanian"
    ],
    "german": [
        "Luxembourger"
    ],
    "lise": [
        "Luxembourger"
    ],
    "europop": [
        "Luxembourger",
        "Macedonian"
    ],
    "american country": [
        "Luxembourger"
    ],
    "the rolling stones": [
        "Luxembourger",
        "Nicaraguan"
    ],
    "dadadum": [
        "Luxembourger"
    ],
    "jeanclaude": [
        "Luxembourger"
    ],
    "lordi": [
        "Luxembourger"
    ],
    "black sabbath": [
        "Luxembourger"
    ],
    "annemarie david": [
        "Luxembourger"
    ],
    "the finger of god": [
        "Luxembourger"
    ],
    "nuit doite": [
        "Luxembourger"
    ],
    "ons": [
        "Luxembourger"
    ],
    "funk": [
        "Luxembourger",
        "New Zealander"
    ],
    "aerosmith": [
        "Luxembourger"
    ],
    "christian songs": [
        "Macanese"
    ],
    "70s": [
        "Macanese"
    ],
    "old songs": [
        "Macanese"
    ],
    "music from the philippines": [
        "Macanese"
    ],
    "calypso": [
        "Macanese",
        "Nicaraguan",
        "Trinbagonian"
    ],
    "shin": [
        "Macanese"
    ],
    "hallyu": [
        "Macanese"
    ],
    "portuguese": [
        "Macanese"
    ],
    "eminem": [
        "Macanese",
        "New Zealander"
    ],
    "chinese opera": [
        "Macanese",
        "Taiwanese"
    ],
    "chinese pop songs": [
        "Macanese"
    ],
    "fado": [
        "Macanese"
    ],
    "bossa nova": [
        "Macanese"
    ],
    "local singers and bands": [
        "Maldivian"
    ],
    "ismail": [
        "Maldivian"
    ],
    "rasheed mohamed": [
        "Maldivian"
    ],
    "yoosuf": [
        "Maldivian"
    ],
    "islamic prayer music": [
        "Maldivian"
    ],
    "fathimath ibrahim": [
        "Maldivian"
    ],
    "raga music": [
        "Maldivian"
    ],
    "dhivehi songs": [
        "Maldivian"
    ],
    "islamic songs": [
        "Maldivian"
    ],
    "contemporary": [
        "Maldivian",
        "New Zealander",
        "Qatari"
    ],
    "olden songs": [
        "Maldivian"
    ],
    "religious songs": [
        "Maldivian"
    ],
    "kh\u00f6\u00f6mii": [
        "Mongolian"
    ],
    "mongolian folk music": [
        "Mongolian"
    ],
    "mongol": [
        "Mongolian"
    ],
    "throat singing": [
        "Mongolian"
    ],
    "western pop": [
        "Mongolian",
        "Myanmari"
    ],
    "karaoke": [
        "Mongolian"
    ],
    "ballads": [
        "Mongolian"
    ],
    "yatga": [
        "Mongolian"
    ],
    "khoomei": [
        "Mongolian"
    ],
    "khal": [
        "Mongolian"
    ],
    "nomin": [
        "Mongolian"
    ],
    "fiddle": [
        "Mongolian"
    ],
    "boban and marko markovi\u0107": [
        "Montenegrin"
    ],
    "folklore music": [
        "Montenegrin"
    ],
    "croatia": [
        "Montenegrin"
    ],
    "balkans": [
        "Montenegrin",
        "Macedonian",
        "Serbian"
    ],
    "slavic music": [
        "Montenegrin",
        "Slovakian"
    ],
    "foreign songs": [
        "Montenegrin"
    ],
    "dubioza kolektiv": [
        "Montenegrin"
    ],
    "milo\u0161": [
        "Montenegrin"
    ],
    "italian": [
        "Montenegrin"
    ],
    "flamenco": [
        "Montenegrin"
    ],
    "eastern european": [
        "Montenegrin"
    ],
    "taj mahal": [
        "Moroccan"
    ],
    "world": [
        "Moroccan"
    ],
    "touareg": [
        "Moroccan"
    ],
    "gnawa": [
        "Moroccan"
    ],
    "burmese music": [
        "Myanmari"
    ],
    "thai music": [
        "Myanmari"
    ],
    "htoo htoo": [
        "Myanmari"
    ],
    "myanma song": [
        "Myanmari"
    ],
    "thangyat": [
        "Myanmari"
    ],
    "burmese songs": [
        "Myanmari"
    ],
    "burmese gospel music": [
        "Myanmari"
    ],
    "burmese pop music": [
        "Myanmari"
    ],
    "gazals": [
        "Myanmari"
    ],
    "burmese folk songs": [
        "Myanmari"
    ],
    "the chills": [
        "New Zealander"
    ],
    "groove": [
        "New Zealander"
    ],
    "hollie smith": [
        "New Zealander"
    ],
    "countrywestern": [
        "New Zealander"
    ],
    "kiwi rock": [
        "New Zealander"
    ],
    "god save the queen": [
        "New Zealander"
    ],
    "tiki": [
        "New Zealander"
    ],
    "hip hop music": [
        "New Zealander",
        "Saudi"
    ],
    "new age": [
        "New Zealander"
    ],
    "m\u0101ori music": [
        "New Zealander"
    ],
    "kiwi": [
        "New Zealander"
    ],
    "alternative": [
        "New Zealander",
        "Taiwanese"
    ],
    "lorde": [
        "New Zealander"
    ],
    "shona": [
        "New Zealander"
    ],
    "sodomy": [
        "New Zealander"
    ],
    "maori music": [
        "New Zealander"
    ],
    "latin jazz": [
        "Nicaraguan"
    ],
    "marinera": [
        "Nicaraguan"
    ],
    "mereng": [
        "Nicaraguan"
    ],
    "meringue": [
        "Nicaraguan",
        "Puertorrique\u00f1o"
    ],
    "bombatina": [
        "Nicaraguan"
    ],
    "vallenato": [
        "Nicaraguan"
    ],
    "latin beat": [
        "Nicaraguan"
    ],
    "band": [
        "Nicaraguan"
    ],
    "romeo santos": [
        "Nicaraguan"
    ],
    "reguegaton": [
        "Nicaraguan"
    ],
    "ranch": [
        "Nicaraguan"
    ],
    "hristo": [
        "Macedonian"
    ],
    "music from the 90s": [
        "Macedonian"
    ],
    "romanian": [
        "Macedonian"
    ],
    "tose proeski": [
        "Macedonian"
    ],
    "pashto": [
        "Pakistani"
    ],
    "andean music": [
        "Peruvian"
    ],
    "arcangel": [
        "Puertorrique\u00f1o"
    ],
    "regga": [
        "Puertorrique\u00f1o"
    ],
    "anuel aa": [
        "Puertorrique\u00f1o"
    ],
    "reggeton": [
        "Puertorrique\u00f1o"
    ],
    "puerto rican music": [
        "Puertorrique\u00f1o"
    ],
    "taino music": [
        "Puertorrique\u00f1o"
    ],
    "buena vista social club": [
        "Puertorrique\u00f1o"
    ],
    "bad bunny": [
        "Puertorrique\u00f1o"
    ],
    "tejano music": [
        "Puertorrique\u00f1o"
    ],
    "bono": [
        "Puertorrique\u00f1o"
    ],
    "islamic singing songs": [
        "Qatari"
    ],
    "international pop music": [
        "Qatari"
    ],
    "middle east pop": [
        "Qatari"
    ],
    "arabic folksongs": [
        "Qatari"
    ],
    "egypt": [
        "Qatari"
    ],
    "arab world": [
        "Qatari"
    ],
    "qawwali": [
        "Qatari"
    ],
    "nafesh": [
        "Qatari"
    ],
    "middle eastern hiphop": [
        "Qatari"
    ],
    "arabic folk music": [
        "Qatari"
    ],
    "al wasmi": [
        "Qatari"
    ],
    "gulf music": [
        "Qatari"
    ],
    "shiqoom": [
        "Qatari"
    ],
    "arabic hiphop music": [
        "Qatari"
    ],
    "harabakom": [
        "Qatari"
    ],
    "khaliji music": [
        "Qatari"
    ],
    "american songs": [
        "Qatari"
    ],
    "dragostea din tei": [
        "Romanian"
    ],
    "theo": [
        "Romanian"
    ],
    "5 second of summer": [
        "Romanian"
    ],
    "acdc": [
        "Romanian"
    ],
    "romantic music": [
        "Romanian"
    ],
    "eastern europe": [
        "Romanian"
    ],
    "queen": [
        "Romanian",
        "Singaporean"
    ],
    "american hip hop": [
        "Rwandan"
    ],
    "kinyarwanda music": [
        "Rwandan"
    ],
    "kinyarandan music": [
        "Rwandan"
    ],
    "african beats": [
        "Rwandan"
    ],
    "african songs": [
        "Rwandan"
    ],
    "paul kagame": [
        "Rwandan"
    ],
    "kizigayo": [
        "Rwandan"
    ],
    "tribal music": [
        "Rwandan",
        "South African",
        "Zimbabwean"
    ],
    "kigali music": [
        "Rwandan"
    ],
    "kigala songs": [
        "Rwandan"
    ],
    "american pop music": [
        "Rwandan"
    ],
    "congolese music": [
        "Rwandan"
    ],
    "taarab music": [
        "Rwandan"
    ],
    "kadongo kamu": [
        "Rwandan"
    ],
    "chant": [
        "Saudi"
    ],
    "arabia": [
        "Saudi"
    ],
    "pops": [
        "Saudi"
    ],
    "soccer chants": [
        "Serbian"
    ],
    "gypsy music": [
        "Serbian"
    ],
    "rush": [
        "Serbian"
    ],
    "red jumpsuit apparatus": [
        "Serbian"
    ],
    "oldies but goodies": [
        "Serbian",
        "Swede"
    ],
    "zabranjeno pu\u0161enje": [
        "Serbian"
    ],
    "nick": [
        "Serbian"
    ],
    "ska music": [
        "Serbian"
    ],
    "international pop": [
        "Serbian"
    ],
    "\u6211\u542c\u8bf4\u4f60\u5df2\u5ac1": [
        "Singaporean"
    ],
    "opm": [
        "Singaporean"
    ],
    "exo": [
        "Singaporean"
    ],
    "mandarin": [
        "Singaporean"
    ],
    "ppop": [
        "Singaporean"
    ],
    "john legend": [
        "Singaporean"
    ],
    "got7": [
        "Singaporean"
    ],
    "bts": [
        "Singaporean"
    ],
    "songs from china": [
        "Singaporean"
    ],
    "the sam willows": [
        "Singaporean"
    ],
    "closer": [
        "Singaporean"
    ],
    "the boy next door": [
        "Singaporean"
    ],
    "aaron parks": [
        "Singaporean"
    ],
    "korean pop music": [
        "Singaporean",
        "Taiwanese"
    ],
    "asians": [
        "Singaporean"
    ],
    "tangled hair": [
        "Singaporean"
    ],
    "indie rock": [
        "Slovakian"
    ],
    "slovak songs": [
        "Slovakian"
    ],
    "60s": [
        "Slovakian"
    ],
    "eurovision song contest": [
        "Slovakian"
    ],
    "eastern european folk music": [
        "Slovakian"
    ],
    "slovak music": [
        "Slovakian"
    ],
    "modern european folk": [
        "Slovakian"
    ],
    "the doors": [
        "Slovakian"
    ],
    "slovak rap": [
        "Slovakian"
    ],
    "polish": [
        "Slovakian"
    ],
    "hungarian folk tunes": [
        "Slovakian"
    ],
    "slovak hip hop": [
        "Slovakian"
    ],
    "modern": [
        "Slovakian"
    ],
    "old rock": [
        "Slovakian"
    ],
    "old school stuff": [
        "Slovakian"
    ],
    "toni braxton": [
        "Slovene"
    ],
    "klapa": [
        "Slovene"
    ],
    "one direction": [
        "Slovene"
    ],
    "modern stuff": [
        "Slovene"
    ],
    "klape\u0161ka": [
        "Slovene"
    ],
    "little mix": [
        "Slovene"
    ],
    "rap songs": [
        "Slovene"
    ],
    "laibach": [
        "Slovene"
    ],
    "hardcore rap": [
        "Slovene"
    ],
    "pink": [
        "Slovene"
    ],
    "mariah carey": [
        "Slovene"
    ],
    "selena gomez": [
        "Slovene"
    ],
    "zulu music": [
        "South African"
    ],
    "zimbabwean music": [
        "South African"
    ],
    "chimurenga": [
        "South African"
    ],
    "mbaqanga": [
        "South African"
    ],
    "american": [
        "South African",
        "Taiwanese"
    ],
    "traditional african music": [
        "South African"
    ],
    "tribal drums": [
        "South African"
    ],
    "abba": [
        "Swede"
    ],
    "rage against the machine": [
        "Swede"
    ],
    "celine dion": [
        "Swede"
    ],
    "swedish pop": [
        "Swede"
    ],
    "pop ballads": [
        "Swede"
    ],
    "keith urban": [
        "Swede"
    ],
    "1940s music": [
        "Swede"
    ],
    "rocknroll": [
        "Swede"
    ],
    "schiller": [
        "Swede"
    ],
    "swedish techno": [
        "Swede"
    ],
    "electronic dance music": [
        "Swede"
    ],
    "swedish folk music": [
        "Swede"
    ],
    "heavy metal rock music": [
        "Swede"
    ],
    "swedish pop music": [
        "Swede"
    ],
    "1930s music": [
        "Swede"
    ],
    "groove armada": [
        "Swede"
    ],
    "euro dance": [
        "Swede"
    ],
    "carrie underwood": [
        "Swede"
    ],
    "killer": [
        "Swede"
    ],
    "mandarin chinese songs": [
        "Taiwanese"
    ],
    "chinese folk songs": [
        "Taiwanese"
    ],
    "hokkien song": [
        "Taiwanese"
    ],
    "japanese": [
        "Taiwanese"
    ],
    "90s pop": [
        "Taiwanese"
    ],
    "fairyland": [
        "Taiwanese"
    ],
    "japanese music": [
        "Taiwanese"
    ],
    "mandarin pop": [
        "Taiwanese"
    ],
    "jay chou": [
        "Taiwanese"
    ],
    "dugnama": [
        "Tajik"
    ],
    "shajarian": [
        "Tajik"
    ],
    "tajik music": [
        "Tajik"
    ],
    "eastern european music": [
        "Tajik"
    ],
    "central asia": [
        "Tajik"
    ],
    "googoosh": [
        "Tajik"
    ],
    "dari": [
        "Tajik"
    ],
    "old school": [
        "Tajik"
    ],
    "russian music": [
        "Tajik"
    ],
    "uzbekistan": [
        "Tajik"
    ],
    "ahmad zahir khan": [
        "Tajik"
    ],
    "80s and 90s": [
        "Tajik"
    ],
    "central asian music": [
        "Tajik"
    ],
    "chutney": [
        "Trinbagonian"
    ],
    "dance hall": [
        "Trinbagonian"
    ],
    "funky": [
        "Trinbagonian"
    ],
    "sals": [
        "Trinbagonian"
    ],
    "ragga": [
        "Trinbagonian"
    ],
    "crazy": [
        "Trinbagonian"
    ],
    "resistance": [
        "Trinbagonian"
    ],
    "caribbean style music": [
        "Trinbagonian"
    ],
    "raggae music": [
        "Trinbagonian"
    ],
    "calypso music": [
        "Trinbagonian"
    ],
    "american hiphop": [
        "Trinbagonian"
    ],
    "patrice roberts": [
        "Trinbagonian"
    ],
    "shaggy": [
        "Trinbagonian"
    ],
    "sagaboom": [
        "Trinbagonian"
    ],
    "steel drum music": [
        "Trinbagonian"
    ],
    "machel montano": [
        "Trinbagonian"
    ],
    "calypsonian soca": [
        "Trinbagonian"
    ],
    "joropo": [
        "Venezuelan"
    ],
    "venezuelan music": [
        "Venezuelan"
    ],
    "ndombi mwikiti music": [
        "Zambian"
    ],
    "mbira": [
        "Zimbabwean"
    ],
    "worship songs": [
        "Zimbabwean"
    ],
    "dancehall music": [
        "Zimbabwean"
    ],
    "sungura": [
        "Zimbabwean"
    ],
    "african folk music": [
        "Zimbabwean"
    ],
    "mbira music": [
        "Zimbabwean"
    ],
    "kizomba": [
        "Zimbabwean"
    ],
    "shona music": [
        "Zimbabwean"
    ],
    "zim music": [
        "Zimbabwean"
    ],
    "indigenous music": [
        "Zimbabwean"
    ],
    "foreign musicians": [
        "Zimbabwean"
    ],
    "mbira dza vadzimu": [
        "Zimbabwean"
    ]
}