{
    "saz": [
        "Azerbaijani",
        "Bosnian",
        "Cypriot",
        "Egyptian",
        "Iranian",
        "Iraqi",
        "Jordanian",
        "Kyrgyz",
        "Lebanese",
        "Macedonian"
    ],
    "kamancha": [
        "Azerbaijani"
    ],
    "kamanche": [
        "Azerbaijani"
    ],
    "kandirov": [
        "Azerbaijani"
    ],
    "tambourine": [
        "Azerbaijani",
        "Bosnian",
        "Croatian",
        "Cypriot",
        "Egyptian",
        "Georgian",
        "Guatemalan",
        "Haitian",
        "Indian",
        "Indonesian",
        "Iranian",
        "Kosovar",
        "Montenegrin",
        "Moroccan",
        "Myanmari",
        "Nicaraguan",
        "Macedonian",
        "Qatari",
        "Serbian",
        "Slovene",
        "Tajik",
        "Trinbagonian"
    ],
    "kemanche": [
        "Azerbaijani"
    ],
    "cello": [
        "Azerbaijani",
        "Bosnian",
        "Croatian",
        "Cypriot",
        "Salvadoran",
        "Estonian",
        "Georgian",
        "Haitian",
        "Icelander",
        "Indonesian",
        "Irish",
        "Italian",
        "Latvian",
        "Lithuanian",
        "Luxembourger",
        "Macanese",
        "Moroccan",
        "New Zealander",
        "Puertorrique\u00f1o",
        "Qatari",
        "Romanian",
        "Singaporean",
        "Slovakian",
        "Slovene",
        "Swede",
        "Taiwanese",
        "Trinbagonian"
    ],
    "accordion": [
        "Azerbaijani",
        "Belarusian",
        "Bosnian",
        "Croatian",
        "Cypriot",
        "Ecuadorian",
        "Egyptian",
        "Salvadoran",
        "Estonian",
        "Georgian",
        "Guatemalan",
        "Hong Konger",
        "Icelander",
        "Indonesian",
        "Irish",
        "Italian",
        "Kosovar",
        "Kuwaiti",
        "Kyrgyz",
        "Latvian",
        "Lebanese",
        "Lithuanian",
        "Luxembourger",
        "Macanese",
        "Montenegrin",
        "Nicaraguan",
        "Macedonian",
        "Puertorrique\u00f1o",
        "Romanian",
        "Rwandan",
        "Saudi",
        "Serbian",
        "Slovakian",
        "Slovene",
        "Swede",
        "Taiwanese",
        "Tajik"
    ],
    "kamandir": [
        "Azerbaijani"
    ],
    "djembe": [
        "Azerbaijani",
        "Ethiopian",
        "Ghanaian",
        "Haitian",
        "Moroccan",
        "Romanian",
        "Rwandan",
        "South African",
        "Trinbagonian"
    ],
    "dulcimer": [
        "Azerbaijani",
        "Belarusian",
        "Georgian",
        "Hong Konger",
        "Iranian"
    ],
    "balaban": [
        "Azerbaijani"
    ],
    "flute": [
        "Azerbaijani",
        "Bangladeshi",
        "Belarusian",
        "Bosnian",
        "Croatian",
        "Cypriot",
        "Egyptian",
        "Salvadoran",
        "Estonian",
        "Ethiopian",
        "Ghanaian",
        "Guatemalan",
        "Haitian",
        "Hong Konger",
        "Icelander",
        "Indian",
        "Indonesian",
        "Iranian",
        "Iraqi",
        "Irish",
        "Italian",
        "Japanese",
        "Kosovar",
        "Kuwaiti",
        "Kyrgyz",
        "Latvian",
        "Lebanese",
        "Lithuanian",
        "Luxembourger",
        "Macanese",
        "Maldivian",
        "Mongolian",
        "Montenegrin",
        "Moroccan",
        "Myanmari",
        "New Zealander",
        "Nicaraguan",
        "Macedonian",
        "Qatari",
        "Romanian",
        "Rwandan",
        "Saudi",
        "Serbian",
        "Singaporean",
        "Slovakian",
        "Slovene",
        "South African",
        "Swede",
        "Taiwanese",
        "Zimbabwean"
    ],
    "doudouk": [
        "Azerbaijani"
    ],
    "qanun": [
        "Azerbaijani",
        "Egyptian",
        "Jordanian",
        "Kuwaiti",
        "Lebanese",
        "Qatari"
    ],
    "tavle": [
        "Azerbaijani"
    ],
    "drum": [
        "Azerbaijani",
        "Bangladeshi",
        "Belarusian",
        "Bosnian",
        "Croatian",
        "Cypriot",
        "Egyptian",
        "Salvadoran",
        "Estonian",
        "Ethiopian",
        "Ghanaian",
        "Guatemalan",
        "Haitian",
        "Indian",
        "Indonesian",
        "Iranian",
        "Iraqi",
        "Irish",
        "Kosovar",
        "Kyrgyz",
        "Latvian",
        "Lebanese",
        "Lithuanian",
        "Luxembourger",
        "Maldivian",
        "Mongolian",
        "Montenegrin",
        "Moroccan",
        "Myanmari",
        "Nicaraguan",
        "Macedonian",
        "Romanian",
        "Rwandan",
        "Saudi",
        "Singaporean",
        "South African",
        "Tajik",
        "Trinbagonian",
        "Zimbabwean"
    ],
    "guitar": [
        "Azerbaijani",
        "Bangladeshi",
        "Belarusian",
        "Bosnian",
        "Croatian",
        "Cypriot",
        "Ecuadorian",
        "Egyptian",
        "Salvadoran",
        "Estonian",
        "Ethiopian",
        "Georgian",
        "Ghanaian",
        "Guatemalan",
        "Haitian",
        "Hong Konger",
        "Icelander",
        "Indian",
        "Indonesian",
        "Iranian",
        "Iraqi",
        "Irish",
        "Italian",
        "Japanese",
        "Kosovar",
        "Kuwaiti",
        "Kyrgyz",
        "Latvian",
        "Lebanese",
        "Lithuanian",
        "Luxembourger",
        "Macanese",
        "Maldivian",
        "Mongolian",
        "Montenegrin",
        "Moroccan",
        "Myanmari",
        "New Zealander",
        "Nicaraguan",
        "Macedonian",
        "Puertorrique\u00f1o",
        "Qatari",
        "Romanian",
        "Rwandan",
        "Saudi",
        "Serbian",
        "Singaporean",
        "Slovakian",
        "Slovene",
        "South African",
        "Swede",
        "Taiwanese",
        "Tajik",
        "Trinbagonian",
        "Zimbabwean"
    ],
    "tambur": [
        "Azerbaijani",
        "Tajik"
    ],
    "kemancheh": [
        "Azerbaijani"
    ],
    "zurna": [
        "Azerbaijani",
        "Georgian",
        "Macedonian"
    ],
    "sitar": [
        "Azerbaijani",
        "Bangladeshi",
        "Belarusian",
        "Bosnian",
        "Croatian",
        "Egyptian",
        "Ethiopian",
        "Indian",
        "Iranian",
        "Iraqi",
        "Kuwaiti",
        "Lebanese",
        "Lithuanian",
        "Maldivian",
        "Moroccan",
        "Qatari",
        "Saudi",
        "Tajik",
        "Trinbagonian"
    ],
    "daf": [
        "Azerbaijani",
        "Iranian",
        "Iraqi",
        "Lebanese",
        "Tajik"
    ],
    "dutar": [
        "Azerbaijani",
        "Tajik"
    ],
    "piano": [
        "Azerbaijani",
        "Bangladeshi",
        "Belarusian",
        "Bosnian",
        "Croatian",
        "Cypriot",
        "Ecuadorian",
        "Egyptian",
        "Salvadoran",
        "Estonian",
        "Ethiopian",
        "Georgian",
        "Guatemalan",
        "Haitian",
        "Hong Konger",
        "Icelander",
        "Indian",
        "Indonesian",
        "Irish",
        "Italian",
        "Japanese",
        "Kosovar",
        "Kuwaiti",
        "Kyrgyz",
        "Latvian",
        "Lebanese",
        "Lithuanian",
        "Luxembourger",
        "Macanese",
        "Maldivian",
        "Mongolian",
        "Montenegrin",
        "Moroccan",
        "Myanmari",
        "New Zealander",
        "Nicaraguan",
        "Macedonian",
        "Puertorrique\u00f1o",
        "Qatari",
        "Romanian",
        "Rwandan",
        "Saudi",
        "Serbian",
        "Singaporean",
        "Slovakian",
        "Slovene",
        "South African",
        "Swede",
        "Taiwanese",
        "Tajik",
        "Zimbabwean"
    ],
    "violin": [
        "Azerbaijani",
        "Belarusian",
        "Bosnian",
        "Croatian",
        "Cypriot",
        "Ecuadorian",
        "Egyptian",
        "Salvadoran",
        "Estonian",
        "Ethiopian",
        "Georgian",
        "Guatemalan",
        "Haitian",
        "Hong Konger",
        "Icelander",
        "Indian",
        "Indonesian",
        "Iranian",
        "Iraqi",
        "Irish",
        "Italian",
        "Japanese",
        "Kosovar",
        "Kuwaiti",
        "Kyrgyz",
        "Latvian",
        "Lebanese",
        "Lithuanian",
        "Luxembourger",
        "Macanese",
        "Maldivian",
        "Mongolian",
        "Montenegrin",
        "Moroccan",
        "Myanmari",
        "New Zealander",
        "Nicaraguan",
        "Macedonian",
        "Puertorrique\u00f1o",
        "Qatari",
        "Romanian",
        "Rwandan",
        "Saudi",
        "Serbian",
        "Singaporean",
        "Slovakian",
        "Slovene",
        "South African",
        "Swede",
        "Taiwanese",
        "Tajik",
        "Trinbagonian"
    ],
    "mugam": [
        "Azerbaijani"
    ],
    "gaval": [
        "Azerbaijani"
    ],
    "string instrument": [
        "Azerbaijani",
        "Bangladeshi",
        "Belarusian",
        "Bosnian",
        "Croatian",
        "Haitian",
        "Lebanese",
        "Luxembourger",
        "Mongolian",
        "Myanmari",
        "Swede"
    ],
    "tar": [
        "Azerbaijani",
        "Iranian",
        "Saudi"
    ],
    "tanbur": [
        "Azerbaijani",
        "Egyptian",
        "Iraqi"
    ],
    "balafon": [
        "Azerbaijani",
        "Ghanaian",
        "Romanian"
    ],
    "shehnai": [
        "Bangladeshi"
    ],
    "dounda": [
        "Bangladeshi"
    ],
    "banshi": [
        "Bangladeshi"
    ],
    "tongali": [
        "Bangladeshi"
    ],
    "dotara": [
        "Bangladeshi"
    ],
    "bongos": [
        "Bangladeshi",
        "Ecuadorian",
        "Salvadoran",
        "Ethiopian",
        "Haitian",
        "Nicaraguan",
        "Puertorrique\u00f1o",
        "Trinbagonian",
        "Zimbabwean"
    ],
    "tabal": [
        "Bangladeshi"
    ],
    "tabla": [
        "Bangladeshi",
        "Egyptian",
        "Indian",
        "Iranian",
        "Iraqi",
        "Kuwaiti",
        "Lebanese",
        "Maldivian",
        "Moroccan",
        "Qatari",
        "Saudi",
        "Tajik",
        "Trinbagonian"
    ],
    "rabab": [
        "Bangladeshi",
        "Iraqi",
        "Maldivian"
    ],
    "dhol": [
        "Bangladeshi",
        "Indian"
    ],
    "sarod": [
        "Bangladeshi",
        "Indian",
        "Tajik"
    ],
    "harmonium": [
        "Bangladeshi",
        "Ecuadorian",
        "Indian"
    ],
    "dholak": [
        "Bangladeshi",
        "Indian",
        "Iraqi",
        "Maldivian"
    ],
    "conga": [
        "Bangladeshi",
        "Ghanaian",
        "Haitian",
        "Puertorrique\u00f1o",
        "Trinbagonian"
    ],
    "dhak": [
        "Bangladeshi"
    ],
    "tanpura": [
        "Bangladeshi",
        "Indian"
    ],
    "tamboura": [
        "Bangladeshi",
        "Egyptian",
        "Indian",
        "Trinbagonian"
    ],
    "daff": [
        "Bangladeshi"
    ],
    "keyboard": [
        "Belarusian",
        "Egyptian",
        "Ghanaian",
        "Haitian",
        "Hong Konger",
        "Icelander",
        "Indonesian",
        "Kuwaiti",
        "Latvian",
        "Luxembourger",
        "Macanese",
        "Mongolian",
        "Myanmari",
        "New Zealander",
        "Qatari",
        "Slovakian",
        "South African"
    ],
    "bandura": [
        "Belarusian"
    ],
    "acoustic guitar": [
        "Belarusian",
        "Croatian",
        "Irish",
        "New Zealander",
        "Nicaraguan",
        "Puertorrique\u00f1o",
        "Romanian",
        "Serbian",
        "Slovakian",
        "Trinbagonian"
    ],
    "violins": [
        "Belarusian",
        "Salvadoran",
        "Kuwaiti",
        "Lithuanian",
        "Qatari"
    ],
    "drums": [
        "Belarusian",
        "Croatian",
        "Cypriot",
        "Ecuadorian",
        "Egyptian",
        "Salvadoran",
        "Estonian",
        "Ethiopian",
        "Georgian",
        "Ghanaian",
        "Guatemalan",
        "Haitian",
        "Hong Konger",
        "Indian",
        "Iraqi",
        "Irish",
        "Kosovar",
        "Kuwaiti",
        "Kyrgyz",
        "Latvian",
        "Lebanese",
        "Macanese",
        "Maldivian",
        "Mongolian",
        "Montenegrin",
        "Moroccan",
        "Nicaraguan",
        "Macedonian",
        "Puertorrique\u00f1o",
        "Qatari",
        "Romanian",
        "Rwandan",
        "Saudi",
        "Serbian",
        "Singaporean",
        "South African",
        "Swede",
        "Tajik",
        "Trinbagonian",
        "Zimbabwean"
    ],
    "bagpipes": [
        "Belarusian",
        "Bosnian",
        "Estonian",
        "Iraqi",
        "Irish",
        "Kosovar",
        "Lithuanian",
        "Macedonian",
        "Slovakian",
        "Swede"
    ],
    "harmonica": [
        "Belarusian",
        "Croatian",
        "Cypriot",
        "Ethiopian",
        "Guatemalan",
        "Iranian",
        "Italian",
        "Latvian",
        "Lithuanian",
        "Macanese",
        "Montenegrin",
        "Myanmari",
        "New Zealander",
        "Nicaraguan",
        "Romanian",
        "Rwandan",
        "Saudi",
        "Serbian",
        "Singaporean",
        "Slovene",
        "South African",
        "Trinbagonian"
    ],
    "gusli": [
        "Belarusian"
    ],
    "guitars": [
        "Belarusian",
        "Ecuadorian",
        "Salvadoran",
        "Ethiopian",
        "Guatemalan",
        "Indonesian",
        "Italian",
        "Maldivian",
        "Puertorrique\u00f1o",
        "Romanian",
        "Rwandan",
        "Singaporean",
        "Trinbagonian",
        "Zimbabwean"
    ],
    "balalaika": [
        "Belarusian",
        "Estonian",
        "Georgian",
        "Latvian",
        "Lithuanian",
        "Montenegrin"
    ],
    "saxophone": [
        "Bosnian",
        "Croatian",
        "Cypriot",
        "Egyptian",
        "Salvadoran",
        "Estonian",
        "Ethiopian",
        "Georgian",
        "Ghanaian",
        "Haitian",
        "Italian",
        "Kosovar",
        "Latvian",
        "Lithuanian",
        "Luxembourger",
        "Macanese",
        "Montenegrin",
        "Myanmari",
        "Macedonian",
        "Puertorrique\u00f1o",
        "Qatari",
        "Saudi",
        "Singaporean",
        "Slovakian",
        "Slovene",
        "Swede",
        "Taiwanese",
        "Trinbagonian",
        "Zimbabwean"
    ],
    "bendir": [
        "Bosnian",
        "Moroccan"
    ],
    "ba\u011flama": [
        "Bosnian"
    ],
    "tamburica": [
        "Bosnian",
        "Croatian",
        "Macedonian",
        "Romanian",
        "Serbian"
    ],
    "gusle": [
        "Bosnian",
        "Kosovar",
        "Montenegrin",
        "Serbian",
        "Slovene"
    ],
    "tambura": [
        "Bosnian",
        "Croatian",
        "Indian",
        "Kosovar",
        "Macedonian",
        "Serbian",
        "Slovene"
    ],
    "clarinet": [
        "Bosnian",
        "Croatian",
        "Cypriot",
        "Egyptian",
        "Haitian",
        "Icelander",
        "Iranian",
        "Kosovar",
        "Kuwaiti",
        "Lebanese",
        "Lithuanian",
        "Luxembourger",
        "Macanese",
        "Montenegrin",
        "Macedonian",
        "Puertorrique\u00f1o",
        "Romanian",
        "Saudi",
        "Serbian",
        "Slovakian",
        "Slovene",
        "Swede",
        "Trinbagonian"
    ],
    "trombone": [
        "Bosnian",
        "Croatian",
        "Salvadoran",
        "Haitian",
        "Nicaraguan"
    ],
    "tuba": [
        "Bosnian",
        "Salvadoran",
        "Lithuanian",
        "Puertorrique\u00f1o",
        "Romanian"
    ],
    "tamburitza": [
        "Bosnian",
        "Macedonian",
        "Serbian"
    ],
    "lute": [
        "Bosnian",
        "Cypriot",
        "Icelander",
        "Iranian",
        "Iraqi",
        "Italian",
        "Kuwaiti",
        "Lebanese",
        "Lithuanian",
        "Mongolian",
        "Moroccan",
        "Qatari",
        "Romanian",
        "Saudi",
        "Singaporean",
        "Taiwanese"
    ],
    "mandolin": [
        "Bosnian",
        "Croatian",
        "Cypriot",
        "Ecuadorian",
        "Egyptian",
        "Georgian",
        "Indian",
        "Irish",
        "Italian",
        "Lebanese",
        "Luxembourger",
        "Macanese",
        "Montenegrin",
        "Myanmari",
        "Romanian",
        "Serbian"
    ],
    "banjo": [
        "Bosnian",
        "Croatian",
        "Cypriot",
        "Ecuadorian",
        "Ghanaian",
        "Icelander",
        "Iranian",
        "Iraqi",
        "Irish",
        "Japanese",
        "Latvian",
        "Lebanese",
        "Maldivian",
        "Moroccan",
        "New Zealander",
        "Rwandan",
        "Swede",
        "Taiwanese",
        "Tajik",
        "Trinbagonian",
        "Zimbabwean"
    ],
    "fiddle": [
        "Bosnian",
        "Estonian",
        "Ethiopian",
        "Icelander",
        "Iranian",
        "Irish",
        "Lithuanian",
        "Mongolian"
    ],
    "bass": [
        "Bosnian",
        "Croatian",
        "Salvadoran",
        "Ethiopian",
        "Georgian",
        "Ghanaian",
        "Hong Konger",
        "Icelander",
        "Puertorrique\u00f1o",
        "Singaporean",
        "Swede",
        "Zimbabwean"
    ],
    "brass instrument": [
        "Croatian"
    ],
    "trumpet": [
        "Croatian",
        "Ecuadorian",
        "Salvadoran",
        "Ghanaian",
        "Guatemalan",
        "Haitian",
        "Italian",
        "Japanese",
        "Kosovar",
        "Latvian",
        "Luxembourger",
        "Macanese",
        "Montenegrin",
        "Myanmari",
        "New Zealander",
        "Nicaraguan",
        "Macedonian",
        "Puertorrique\u00f1o",
        "Rwandan",
        "Serbian",
        "Singaporean",
        "Slovakian",
        "Slovene",
        "South African",
        "Swede",
        "Trinbagonian",
        "Zimbabwean"
    ],
    "wind instruments": [
        "Croatian",
        "New Zealander"
    ],
    "woodwind instrument": [
        "Croatian"
    ],
    "zither": [
        "Croatian",
        "Cypriot",
        "Myanmari",
        "Slovakian",
        "South African"
    ],
    "violoncello": [
        "Croatian",
        "Hong Konger",
        "Latvian"
    ],
    "santouri": [
        "Cypriot"
    ],
    "bouzuki": [
        "Cypriot",
        "Egyptian"
    ],
    "cymbalo": [
        "Cypriot"
    ],
    "zorna": [
        "Cypriot"
    ],
    "kokles": [
        "Cypriot"
    ],
    "bouzouki": [
        "Cypriot",
        "Jordanian",
        "Macedonian"
    ],
    "laouto": [
        "Cypriot"
    ],
    "kithara": [
        "Cypriot"
    ],
    "askomandoura": [
        "Cypriot"
    ],
    "lyra": [
        "Cypriot"
    ],
    "oud": [
        "Cypriot",
        "Egyptian",
        "Ethiopian",
        "Iranian",
        "Iraqi",
        "Jordanian",
        "Kuwaiti",
        "Lebanese",
        "Moroccan",
        "Macedonian",
        "Qatari",
        "Saudi"
    ],
    "lyre": [
        "Cypriot",
        "Ethiopian"
    ],
    "cajon": [
        "Ecuadorian",
        "Salvadoran"
    ],
    "percussion instruments": [
        "Ecuadorian",
        "Ghanaian",
        "Iranian",
        "Moroccan",
        "Puertorrique\u00f1o",
        "Zimbabwean"
    ],
    "maracas": [
        "Ecuadorian",
        "Salvadoran",
        "Guatemalan",
        "Haitian",
        "Italian",
        "Nicaraguan",
        "Puertorrique\u00f1o",
        "Trinbagonian"
    ],
    "congas": [
        "Ecuadorian",
        "Nicaraguan",
        "Puertorrique\u00f1o",
        "Trinbagonian"
    ],
    "tambora": [
        "Ecuadorian",
        "Salvadoran",
        "Guatemalan",
        "Puertorrique\u00f1o"
    ],
    "g\u00fciro": [
        "Ecuadorian",
        "Nicaraguan",
        "Puertorrique\u00f1o"
    ],
    "maraca": [
        "Ecuadorian",
        "Salvadoran",
        "Guatemalan",
        "Puertorrique\u00f1o"
    ],
    "charango": [
        "Ecuadorian"
    ],
    "panpipe": [
        "Ecuadorian"
    ],
    "guitarra": [
        "Ecuadorian"
    ],
    "cuatro": [
        "Ecuadorian"
    ],
    "stringed instruments": [
        "Ecuadorian",
        "Ethiopian",
        "Taiwanese"
    ],
    "cowbell": [
        "Ecuadorian",
        "Haitian"
    ],
    "flauta": [
        "Ecuadorian"
    ],
    "horn": [
        "Ecuadorian",
        "Mongolian"
    ],
    "harp": [
        "Ecuadorian",
        "Salvadoran",
        "Estonian",
        "Ethiopian",
        "Guatemalan",
        "Icelander",
        "Iranian",
        "Irish",
        "Italian",
        "Latvian",
        "Luxembourger",
        "Myanmari"
    ],
    "pan flute": [
        "Ecuadorian",
        "Guatemalan",
        "Nicaraguan",
        "Romanian"
    ],
    "marimba": [
        "Ecuadorian",
        "Salvadoran",
        "Guatemalan",
        "Nicaraguan",
        "Puertorrique\u00f1o",
        "Rwandan",
        "South African",
        "Zimbabwean"
    ],
    "caja": [
        "Ecuadorian"
    ],
    "guiro": [
        "Ecuadorian"
    ],
    "qanoun": [
        "Egyptian"
    ],
    "rebab": [
        "Egyptian"
    ],
    "darabukha": [
        "Egyptian"
    ],
    "ney": [
        "Egyptian",
        "Iranian",
        "Saudi"
    ],
    "taar": [
        "Egyptian",
        "Iranian"
    ],
    "mandolins": [
        "Egyptian"
    ],
    "handdrum": [
        "Egyptian"
    ],
    "ar": [
        "Egyptian"
    ],
    "arabic instruments": [
        "Egyptian",
        "Moroccan"
    ],
    "oboe": [
        "Egyptian",
        "Ethiopian",
        "Kyrgyz",
        "Latvian",
        "Mongolian",
        "Qatari",
        "Slovene"
    ],
    "nay": [
        "Egyptian",
        "Kuwaiti",
        "Lebanese"
    ],
    "tanbour": [
        "Egyptian",
        "Iranian"
    ],
    "tablah": [
        "Egyptian",
        "Lebanese"
    ],
    "classical guitar": [
        "Salvadoran",
        "Nicaraguan",
        "Macedonian"
    ],
    "mariachi": [
        "Salvadoran"
    ],
    "guzal": [
        "Salvadoran"
    ],
    "flamenco guitar": [
        "Salvadoran"
    ],
    "tamborines": [
        "Salvadoran"
    ],
    "gourds": [
        "Salvadoran",
        "Ghanaian"
    ],
    "marimbas": [
        "Salvadoran",
        "Guatemalan",
        "Nicaraguan"
    ],
    "snare drum": [
        "Salvadoran"
    ],
    "xylophones": [
        "Salvadoran"
    ],
    "flutes": [
        "Estonian",
        "Ghanaian",
        "Guatemalan",
        "Kuwaiti",
        "Zimbabwean"
    ],
    "kannel": [
        "Estonian"
    ],
    "t\u00e1rogat\u00f3": [
        "Estonian"
    ],
    "recorder": [
        "Estonian",
        "Indonesian",
        "Swede"
    ],
    "ukulele": [
        "Estonian",
        "Georgian",
        "Icelander",
        "Indonesian",
        "Italian",
        "Luxembourger",
        "Macanese",
        "Maldivian",
        "Moroccan",
        "New Zealander",
        "Nicaraguan",
        "Rwandan",
        "Slovakian",
        "Slovene",
        "South African",
        "Taiwanese"
    ],
    "saxophones": [
        "Ethiopian",
        "Slovene"
    ],
    "kora": [
        "Ethiopian",
        "Ghanaian",
        "Rwandan",
        "Slovakian",
        "South African"
    ],
    "misirinka": [
        "Ethiopian"
    ],
    "bull roar": [
        "Ethiopian"
    ],
    "krar": [
        "Ethiopian"
    ],
    "washtub bass": [
        "Ethiopian"
    ],
    "babababa": [
        "Ethiopian"
    ],
    "masenqo": [
        "Ethiopian"
    ],
    "washint": [
        "Ethiopian"
    ],
    "koto": [
        "Ethiopian",
        "Japanese",
        "Taiwanese"
    ],
    "sargi": [
        "Ethiopian"
    ],
    "cymbal": [
        "Ethiopian",
        "Haitian",
        "Maldivian",
        "Moroccan",
        "Myanmari"
    ],
    "sirt": [
        "Ethiopian"
    ],
    "kambel": [
        "Ethiopian"
    ],
    "sistrum": [
        "Ethiopian"
    ],
    "teho": [
        "Ethiopian"
    ],
    "saw": [
        "Ethiopian"
    ],
    "kano": [
        "Ethiopian"
    ],
    "kess": [
        "Ethiopian"
    ],
    "doli": [
        "Georgian"
    ],
    "dishkirian": [
        "Georgian"
    ],
    "salieri": [
        "Georgian"
    ],
    "percussion": [
        "Georgian",
        "Iranian"
    ],
    "tbilisi piano": [
        "Georgian"
    ],
    "string": [
        "Georgian"
    ],
    "davuli": [
        "Georgian"
    ],
    "gusla": [
        "Georgian",
        "Kosovar"
    ],
    "chonguri": [
        "Georgian"
    ],
    "khonuri": [
        "Georgian"
    ],
    "duduk": [
        "Georgian",
        "Jordanian",
        "Qatari"
    ],
    "kobula": [
        "Georgian"
    ],
    "chong": [
        "Georgian"
    ],
    "tsintsilauri": [
        "Georgian"
    ],
    "kandili": [
        "Georgian"
    ],
    "mbira": [
        "Ghanaian",
        "Rwandan",
        "South African",
        "Zimbabwean"
    ],
    "gome": [
        "Ghanaian"
    ],
    "tambourines": [
        "Ghanaian",
        "Lebanese"
    ],
    "pots and pans": [
        "Ghanaian"
    ],
    "gankogui": [
        "Ghanaian",
        "Haitian"
    ],
    "gonggong": [
        "Ghanaian"
    ],
    "xylophone": [
        "Ghanaian",
        "Guatemalan",
        "Hong Konger",
        "Myanmari",
        "Nicaraguan",
        "Rwandan",
        "Singaporean",
        "South African",
        "Zimbabwean"
    ],
    "gong": [
        "Ghanaian",
        "Indonesian",
        "Myanmari",
        "Singaporean"
    ],
    "talking drum": [
        "Ghanaian"
    ],
    "african drum": [
        "Ghanaian",
        "Haitian",
        "Rwandan",
        "Trinbagonian"
    ],
    "congos": [
        "Ghanaian",
        "Haitian",
        "Puertorrique\u00f1o"
    ],
    "african instruments": [
        "Ghanaian"
    ],
    "congo": [
        "Ghanaian"
    ],
    "bongo drums": [
        "Ghanaian",
        "Nicaraguan",
        "Puertorrique\u00f1o",
        "Trinbagonian"
    ],
    "african drums": [
        "Ghanaian",
        "Moroccan",
        "South African"
    ],
    "gogo": [
        "Ghanaian"
    ],
    "gong gongs": [
        "Ghanaian"
    ],
    "kalimba": [
        "Ghanaian",
        "South African",
        "Zimbabwean"
    ],
    "ngoni": [
        "Ghanaian"
    ],
    "pan pipes": [
        "Ghanaian"
    ],
    "djemba": [
        "Ghanaian"
    ],
    "ghanian drum": [
        "Ghanaian"
    ],
    "sakara": [
        "Ghanaian"
    ],
    "gonko": [
        "Ghanaian"
    ],
    "gourd": [
        "Ghanaian"
    ],
    "shaker": [
        "Ghanaian"
    ],
    "djembes": [
        "Ghanaian"
    ],
    "balafong": [
        "Ghanaian"
    ],
    "quitar": [
        "Guatemalan"
    ],
    "violas": [
        "Guatemalan",
        "Haitian"
    ],
    "ka": [
        "Haitian"
    ],
    "congo drums": [
        "Haitian"
    ],
    "tambor": [
        "Haitian"
    ],
    "djembe drum": [
        "Haitian"
    ],
    "gwo ka": [
        "Haitian"
    ],
    "claves": [
        "Haitian"
    ],
    "steel drums": [
        "Haitian"
    ],
    "gourde": [
        "Haitian"
    ],
    "steel pan": [
        "Haitian",
        "Trinbagonian"
    ],
    "bongo": [
        "Haitian",
        "Puertorrique\u00f1o"
    ],
    "fluting": [
        "Haitian"
    ],
    "steel drum": [
        "Haitian",
        "Trinbagonian"
    ],
    "erhu": [
        "Hong Konger",
        "Macanese",
        "Singaporean",
        "Taiwanese"
    ],
    "sanxian": [
        "Hong Konger"
    ],
    "cymbals": [
        "Hong Konger",
        "Kyrgyz",
        "Macanese",
        "Romanian",
        "Singaporean",
        "Slovakian"
    ],
    "banji": [
        "Hong Konger"
    ],
    "pipa": [
        "Hong Konger",
        "Macanese",
        "Singaporean",
        "Taiwanese"
    ],
    "baguabu": [
        "Hong Konger"
    ],
    "guqin": [
        "Hong Konger",
        "Taiwanese"
    ],
    "chinese flute": [
        "Hong Konger",
        "Mongolian",
        "Taiwanese"
    ],
    "guzheng": [
        "Hong Konger",
        "Macanese",
        "Mongolian",
        "Singaporean",
        "Taiwanese"
    ],
    "sintir": [
        "Icelander"
    ],
    "t\u00f6lf": [
        "Icelander"
    ],
    "tjalla": [
        "Icelander"
    ],
    "hambofonn": [
        "Icelander"
    ],
    "one": [
        "Icelander"
    ],
    "harps": [
        "Icelander"
    ],
    "kvint": [
        "Icelander"
    ],
    "sarangi": [
        "Indian",
        "Saudi"
    ],
    "taanpura": [
        "Indian"
    ],
    "shenai": [
        "Indian"
    ],
    "veena": [
        "Indian",
        "Maldivian"
    ],
    "bansuri": [
        "Indian"
    ],
    "kendang": [
        "Indonesian"
    ],
    "siter": [
        "Indonesian"
    ],
    "angklung": [
        "Indonesian"
    ],
    "gendang": [
        "Indonesian",
        "Singaporean"
    ],
    "suling": [
        "Indonesian"
    ],
    "bamboo flute": [
        "Indonesian",
        "Myanmari"
    ],
    "gambas": [
        "Indonesian"
    ],
    "gamelan": [
        "Indonesian",
        "Singaporean"
    ],
    "kamancheh": [
        "Iranian",
        "Saudi"
    ],
    "santoor": [
        "Iranian",
        "Lebanese",
        "Qatari"
    ],
    "tonbak": [
        "Iranian"
    ],
    "d\u0101f": [
        "Iranian"
    ],
    "sando": [
        "Iranian"
    ],
    "tombak": [
        "Iranian"
    ],
    "persian": [
        "Iranian"
    ],
    "tambour": [
        "Iranian",
        "Tajik"
    ],
    "tanb\u016br": [
        "Iranian"
    ],
    "kanoon": [
        "Iranian"
    ],
    "talesh": [
        "Iranian"
    ],
    "setar": [
        "Iranian"
    ],
    "santur": [
        "Iranian"
    ],
    "persian setar": [
        "Iranian"
    ],
    "t\u00e2r": [
        "Iranian"
    ],
    "persian santur": [
        "Iranian"
    ],
    "tablas": [
        "Iraqi",
        "Qatari"
    ],
    "baglama": [
        "Iraqi"
    ],
    "buzuq": [
        "Iraqi",
        "Jordanian",
        "Lebanese"
    ],
    "kanun": [
        "Iraqi",
        "Lebanese",
        "Moroccan"
    ],
    "oudh": [
        "Iraqi"
    ],
    "zils": [
        "Iraqi"
    ],
    "dumbek": [
        "Iraqi",
        "Qatari"
    ],
    "udu drum": [
        "Iraqi"
    ],
    "bag pipes": [
        "Irish"
    ],
    "ukelele": [
        "Irish"
    ],
    "viola": [
        "Irish",
        "Swede"
    ],
    "bodhran": [
        "Irish"
    ],
    "fife": [
        "Irish"
    ],
    "tin whistle": [
        "Irish",
        "Macanese"
    ],
    "accordian": [
        "Italian",
        "Lithuanian",
        "Puertorrique\u00f1o"
    ],
    "tamborine": [
        "Italian"
    ],
    "string instruments": [
        "Italian",
        "Japanese",
        "Macanese",
        "Saudi",
        "Taiwanese"
    ],
    "mandoline": [
        "Italian"
    ],
    "\u014ddaiko": [
        "Japanese"
    ],
    "taiko": [
        "Japanese",
        "New Zealander"
    ],
    "hakki": [
        "Japanese"
    ],
    "shakuhachi": [
        "Japanese"
    ],
    "wadaiko": [
        "Japanese"
    ],
    "samisen": [
        "Japanese"
    ],
    "shamisen": [
        "Japanese"
    ],
    "\u0631\u0628\u0627\u0628\u0629": [
        "Jordanian"
    ],
    "buzuki": [
        "Jordanian",
        "Lebanese"
    ],
    "arabic lute": [
        "Jordanian"
    ],
    "gajdak": [
        "Kosovar"
    ],
    "tarab": [
        "Kosovar"
    ],
    "lale": [
        "Kosovar"
    ],
    "kafajri": [
        "Kosovar"
    ],
    "bagpipe": [
        "Kosovar",
        "Macedonian",
        "Slovakian"
    ],
    "oda": [
        "Kosovar"
    ],
    "kaval": [
        "Kosovar",
        "Macedonian"
    ],
    "flautu": [
        "Kosovar"
    ],
    "rabbab": [
        "Kuwaiti"
    ],
    "rababa": [
        "Kuwaiti",
        "Lebanese"
    ],
    "darabuka": [
        "Kuwaiti"
    ],
    "salamiyeh": [
        "Kuwaiti"
    ],
    "bubuki": [
        "Kuwaiti"
    ],
    "ud": [
        "Kuwaiti"
    ],
    "ouds": [
        "Kuwaiti"
    ],
    "harmonicas": [
        "Kuwaiti"
    ],
    "sybyzgy": [
        "Kyrgyz"
    ],
    "komuz": [
        "Kyrgyz"
    ],
    "kylkobuz": [
        "Kyrgyz"
    ],
    "dutu": [
        "Kyrgyz"
    ],
    "jaw harp": [
        "Kyrgyz",
        "Mongolian"
    ],
    "horns": [
        "Kyrgyz"
    ],
    "topshur": [
        "Kyrgyz"
    ],
    "dambra": [
        "Kyrgyz"
    ],
    "dung chai": [
        "Kyrgyz"
    ],
    "kylkobyu": [
        "Kyrgyz"
    ],
    "surnai": [
        "Kyrgyz",
        "Tajik"
    ],
    "stringed instrument": [
        "Kyrgyz",
        "Moroccan"
    ],
    "dungdung": [
        "Kyrgyz"
    ],
    "dombra": [
        "Kyrgyz",
        "Tajik"
    ],
    "surni": [
        "Kyrgyz"
    ],
    "kubak": [
        "Kyrgyz"
    ],
    "garmon": [
        "Kyrgyz"
    ],
    "kokle": [
        "Latvian"
    ],
    "pan pipe": [
        "Latvian"
    ],
    "organ": [
        "Latvian",
        "Macanese",
        "New Zealander",
        "Qatari",
        "Serbian",
        "Slovene",
        "Taiwanese"
    ],
    "the oud": [
        "Lebanese"
    ],
    "darbukka": [
        "Lebanese"
    ],
    "qanoon": [
        "Lebanese"
    ],
    "derbouka": [
        "Lebanese"
    ],
    "argh": [
        "Lebanese"
    ],
    "tabura": [
        "Lebanese"
    ],
    "sagat": [
        "Lebanese"
    ],
    "santour": [
        "Lebanese"
    ],
    "samsa": [
        "Lebanese"
    ],
    "darabouka": [
        "Lebanese"
    ],
    "drumset": [
        "Lebanese"
    ],
    "pianos": [
        "Lithuanian"
    ],
    "kankles": [
        "Lithuanian"
    ],
    "dumblia": [
        "Lithuanian"
    ],
    "kankl\u0117s": [
        "Lithuanian"
    ],
    "skrabalai": [
        "Lithuanian"
    ],
    "accordions": [
        "Lithuanian",
        "Puertorrique\u00f1o"
    ],
    "lietuvi\u0173 kankl\u0117s": [
        "Lithuanian"
    ],
    "acoustic guitars": [
        "Lithuanian",
        "Slovene"
    ],
    "kank": [
        "Lithuanian"
    ],
    "violon": [
        "Luxembourger"
    ],
    "hackbrett": [
        "Luxembourger"
    ],
    "ocarina": [
        "Luxembourger",
        "Romanian"
    ],
    "xiguan": [
        "Macanese"
    ],
    "cava": [
        "Macanese"
    ],
    "chinese guzheng": [
        "Macanese",
        "Singaporean"
    ],
    "sack": [
        "Macanese"
    ],
    "bodu beru": [
        "Maldivian"
    ],
    "raavi": [
        "Maldivian"
    ],
    "maldives": [
        "Maldivian"
    ],
    "udu": [
        "Maldivian"
    ],
    "dholaki": [
        "Maldivian"
    ],
    "rabenna": [
        "Maldivian"
    ],
    "kattalaa": [
        "Maldivian"
    ],
    "mouth organ": [
        "Maldivian",
        "Taiwanese"
    ],
    "maldivian guitar": [
        "Maldivian"
    ],
    "bango": [
        "Maldivian"
    ],
    "gandevaa": [
        "Maldivian"
    ],
    "dhadra": [
        "Maldivian"
    ],
    "tapan": [
        "Mongolian"
    ],
    "moghuor": [
        "Mongolian"
    ],
    "horse": [
        "Mongolian"
    ],
    "morinkhuur": [
        "Mongolian"
    ],
    "khuur": [
        "Mongolian"
    ],
    "jews harp": [
        "Mongolian"
    ],
    "mongolian": [
        "Mongolian"
    ],
    "morin khuur": [
        "Mongolian"
    ],
    "hor": [
        "Mongolian"
    ],
    "khoshuur": [
        "Mongolian"
    ],
    "dotol": [
        "Mongolian"
    ],
    "shanai": [
        "Mongolian"
    ],
    "moriin khuur": [
        "Mongolian"
    ],
    "guzle": [
        "Montenegrin"
    ],
    "guimbarde": [
        "Montenegrin"
    ],
    "percussion instrument": [
        "Montenegrin"
    ],
    "keyboards": [
        "Montenegrin"
    ],
    "sackbut": [
        "Montenegrin",
        "Macedonian"
    ],
    "gajde": [
        "Montenegrin"
    ],
    "ganza": [
        "Moroccan"
    ],
    "duff": [
        "Moroccan",
        "Qatari"
    ],
    "gambri": [
        "Moroccan"
    ],
    "gimbri": [
        "Moroccan"
    ],
    "darbuka": [
        "Moroccan"
    ],
    "nylon string guitar": [
        "Moroccan"
    ],
    "darbouka": [
        "Moroccan"
    ],
    "krakebs": [
        "Moroccan"
    ],
    "bonghun": [
        "Myanmari"
    ],
    "pilarte": [
        "Myanmari"
    ],
    "sarin": [
        "Myanmari"
    ],
    "klong yai": [
        "Myanmari"
    ],
    "musical instrument": [
        "Myanmari"
    ],
    "moule": [
        "Myanmari"
    ],
    "saung": [
        "Myanmari"
    ],
    "bamboo xylophone": [
        "Myanmari"
    ],
    "taonga p\u016boro": [
        "New Zealander"
    ],
    "baritone": [
        "Nicaraguan"
    ],
    "viol\u00edn": [
        "Nicaraguan"
    ],
    "spanish guitar": [
        "Nicaraguan",
        "Puertorrique\u00f1o"
    ],
    "cimarron": [
        "Nicaraguan"
    ],
    "cencerro": [
        "Nicaraguan"
    ],
    "gajdar": [
        "Macedonian"
    ],
    "gajda": [
        "Macedonian"
    ],
    "tavlu": [
        "Macedonian"
    ],
    "tamburitsa": [
        "Macedonian"
    ],
    "tamburelka": [
        "Macedonian"
    ],
    "zill": [
        "Macedonian"
    ],
    "gadulka": [
        "Macedonian"
    ],
    "cuzque\u00f1a": [
        "Peruvian"
    ],
    "andean pan flute": [
        "Peruvian"
    ],
    "conga drums": [
        "Puertorrique\u00f1o"
    ],
    "tumba": [
        "Puertorrique\u00f1o"
    ],
    "tres": [
        "Puertorrique\u00f1o"
    ],
    "maraccas": [
        "Puertorrique\u00f1o"
    ],
    "bass clarinet": [
        "Puertorrique\u00f1o"
    ],
    "congas de puertorrique\u00f1as": [
        "Puertorrique\u00f1o"
    ],
    "timbales": [
        "Puertorrique\u00f1o"
    ],
    "tanoura": [
        "Qatari"
    ],
    "rababah": [
        "Qatari",
        "Saudi"
    ],
    "arf": [
        "Qatari"
    ],
    "bous": [
        "Qatari"
    ],
    "arabic tabla": [
        "Qatari"
    ],
    "arabic drums": [
        "Qatari"
    ],
    "cimbalom": [
        "Romanian",
        "Slovakian"
    ],
    "mwamira": [
        "Rwandan"
    ],
    "marimbaba": [
        "Rwandan"
    ],
    "kankobala": [
        "Rwandan"
    ],
    "maraka": [
        "Rwandan"
    ],
    "adungu": [
        "Rwandan"
    ],
    "muziru": [
        "Rwandan"
    ],
    "handbells": [
        "Rwandan"
    ],
    "iry": [
        "Rwandan"
    ],
    "urumba": [
        "Rwandan"
    ],
    "ubo": [
        "Rwandan"
    ],
    "inanga": [
        "Rwandan"
    ],
    "nafira": [
        "Saudi"
    ],
    "dammar": [
        "Saudi"
    ],
    "arabic drum": [
        "Saudi"
    ],
    "aoud": [
        "Saudi"
    ],
    "krivica": [
        "Serbian"
    ],
    "tamb": [
        "Serbian"
    ],
    "gu": [
        "Singaporean"
    ],
    "electric guitar": [
        "Slovakian"
    ],
    "fujara": [
        "Slovakian"
    ],
    "bass guitar": [
        "Slovakian",
        "South African"
    ],
    "celtic harp": [
        "Slovakian"
    ],
    "cymbalum": [
        "Slovene"
    ],
    "trumpets": [
        "Slovene"
    ],
    "african kora": [
        "South African"
    ],
    "gongs": [
        "South African"
    ],
    "uhadi": [
        "South African"
    ],
    "zulu drum": [
        "South African"
    ],
    "drum set": [
        "South African"
    ],
    "\u7435\u7436": [
        "Taiwanese"
    ],
    "yangqin": [
        "Taiwanese"
    ],
    "erh hu": [
        "Taiwanese"
    ],
    "yueqin": [
        "Taiwanese"
    ],
    "taiko drum": [
        "Taiwanese"
    ],
    "liu": [
        "Taiwanese"
    ],
    "er hu": [
        "Taiwanese"
    ],
    "hu": [
        "Taiwanese"
    ],
    "shinobue": [
        "Taiwanese"
    ],
    "dambura": [
        "Tajik"
    ],
    "rubab": [
        "Tajik"
    ],
    "surnay": [
        "Tajik"
    ],
    "doyra": [
        "Tajik"
    ],
    "dombras": [
        "Tajik"
    ],
    "ferash": [
        "Tajik"
    ],
    "dotar": [
        "Tajik"
    ],
    "kobuz": [
        "Tajik"
    ],
    "kobyz": [
        "Tajik"
    ],
    "dap": [
        "Tajik"
    ],
    "steel band": [
        "Trinbagonian"
    ],
    "pan music": [
        "Trinbagonian"
    ],
    "steeldrums": [
        "Trinbagonian"
    ],
    "harmon": [
        "Trinbagonian"
    ],
    "panderette": [
        "Trinbagonian"
    ],
    "steel pans": [
        "Trinbagonian"
    ],
    "triangle": [
        "Trinbagonian"
    ],
    "steel pan drums": [
        "Trinbagonian"
    ],
    "pan": [
        "Trinbagonian"
    ],
    "steelpan": [
        "Trinbagonian"
    ],
    "tbomboka": [
        "Trinbagonian"
    ],
    "percussive instruments": [
        "Zimbabwean"
    ],
    "mweti": [
        "Zimbabwean"
    ],
    "kazoo": [
        "Zimbabwean"
    ],
    "african percussion instruments": [
        "Zimbabwean"
    ],
    "hand drums": [
        "Zimbabwean"
    ],
    "shakere": [
        "Zimbabwean"
    ],
    "thumb piano": [
        "Zimbabwean"
    ]
}